ID da Pessoa,Categoria de Stakeholder,Nome Completo,Usuário Proprietário da Pessoa,Equipe Proprietária da Pessoa,Nível de Relacionamento,Data de Criação,Data da Última Atualização,Telefone Fixo,Celular,E-mail,Linkedin,Instagram,Endereço,Canal Preferido,Cargo,Departamento,Área,Equipe,Líder Direto,RG,CPF,Estado Civil,Profissão,Idade,Gênero,Data de Nascimento,Função de Compra,Função de Impacto,Função de Formalização,Função de Faturamento
4507,Cliente,Gabriel Silva,Alexandre Bazzi,Vendas,Alto,09/04/2024,09/04/2024,+55 (11) 3000-3286,+55 (11) 99508-2679,gabriel.silva@gmail.com,http://linkedin.com/in/gabrielsilva,@gabrielsilva,"Rua Tangará, 132",E-mail,Gerente,Jurídico,Operações,Operações,Head,131994523,195.323.338-74,Separado,Engenheiro,53,Masculino,09/04/2024,Coach,Campeão,Testemunha,Sem Função de Faturamento
2616,Parceiro,Carlos Silva,Alexandre Bazzi,Vendas,Médio,09/04/2024,09/04/2024,+55 (11) 3000-6574,+55 (11) 98569-3547,carlos.silva@gmail.com,http://linkedin.com/in/carlossilva,@carlossilva,"Rua Tangará, 132",Telefone,C-Level,Tecnologia,Operações,Operações,CEO,507943839,199.467.967-54,Separado,Economista,20,Não Binário,09/04/2024,Bloqueador,Tomador de Decisão,Signatário,Time Financeiro
4804,Parceiro,Pedro Lima,Luiza Aduan,Customer Success,Baixo,09/04/2024,09/04/2024,+55 (11) 3000-6925,+55 (11) 99182-4150,pedro.lima@gmail.com,http://linkedin.com/in/pedrolima,@pedrolima,"Rua Tangará, 132",E-mail,Coordenador,Marketing,Planejamento,Planejamento,Gerente,185675980,975.338.987-22,Viúvo,Economista,47,Não Binário,09/04/2024,Coach,Campeão,Testemunha,Time Financeiro
1170,Outros,Marcos Rodrigues,Luiza Aduan,Customer Success,Baixo,09/04/2024,09/04/2024,+55 (11) 3000-3803,+55 (11) 99093-5010,marcos.rodrigues@gmail.com,http://linkedin.com/in/marcosrodrigues,@marcosrodrigues,"Rua Tangará, 132",Telefone,Analista,Jurídico,Planejamento,Planejamento,Coordenador,787194506,804.670.324-97,Divorciado,Engenheiro,32,Masculino,09/04/2024,Coach,Admin,Testemunha,Responsável pelo Financeiro
5156,Cliente,Marcos Gomes,Rafael Giacomini,Onboarding,Baixo,09/04/2024,09/04/2024,+55 (11) 3000-9179,+55 (11) 98810-8517,marcos.gomes@gmail.com,http://linkedin.com/in/marcosgomes,@marcosgomes,"Rua Tangará, 132",Telefone,Coordenador,Marketing,Desenvolvimento,Desenvolvimento,Gerente,899925830,674.651.369-84,Viúvo,Gerente,43,Feminino,09/04/2024,Influenciador,Campeão,Testemunha,Time Financeiro
1797,Cliente,Pedro Silva,Rafael Giacomini,Onboarding,Baixo,09/04/2024,09/04/2024,+55 (11) 3000-3621,+55 (11) 99622-7916,pedro.silva@gmail.com,http://linkedin.com/in/pedrosilva,@pedrosilva,"Rua Tangará, 132",E-mail,CEO,Gestão,Executivo,Executivo,,668132202,357.666.981-11,Casado,Gerente,35,Não Binário,09/04/2024,Bloqueador,Campeão,Testemunha,Time Financeiro
54,Parceiro,Luiz Pereira,Alexandre Bazzi,Vendas,Baixo,09/04/2024,09/04/2024,+55 (11) 3000-5315,+55 (11) 99990-9201,luiz.pereira@gmail.com,http://linkedin.com/in/luizpereira,@luizpereira,"Rua Tangará, 132",Telefone,Gerente,Tecnologia,Planejamento,Planejamento,Head,786066793,619.723.303-29,Divorciado,Empreendedor,52,Não Binário,09/04/2024,Tomador de Decisão,Usuário,Testemunha,Time Financeiro
5948,Fornecedor,João Santos,Luiza Aduan,Customer Success,Alto,09/04/2024,09/04/2024,+55 (11) 3000-1949,+55 (11) 98493-2290,joão.santos@gmail.com,http://linkedin.com/in/joãosantos,@joãosantos,"Rua Tangará, 132",E-mail,C-Level,Tecnologia,Desenvolvimento,Desenvolvimento,CEO,237859287,775.586.662-31,Divorciado,Gerente,56,Feminino,09/04/2024,Influenciador,Usuário,Testemunha,Sem Função de Faturamento
6538,Parceiro,Marcos Rodrigues,Luiza Aduan,Customer Success,Baixo,09/04/2024,09/04/2024,+55 (11) 3000-7118,+55 (11) 98897-9479,marcos.rodrigues@gmail.com,http://linkedin.com/in/marcosrodrigues,@marcosrodrigues,"Rua Tangará, 132",Whatsapp,Gerente,Marketing,Desenvolvimento,Desenvolvimento,Head,168747287,446.121.702-80,Solteiro,Gerente,32,Masculino,09/04/2024,Tomador de Decisão,Tomador de Decisão,Testemunha,Responsável pelo Financeiro
515,Colaborador,Bruno Santos,Rafael Giacomini,Onboarding,Alto,09/04/2024,09/04/2024,+55 (11) 3000-9423,+55 (11) 98487-5562,bruno.santos@gmail.com,http://linkedin.com/in/brunosantos,@brunosantos,"Rua Tangará, 132",Whatsapp,C-Level,Financeiro,Desenvolvimento,Desenvolvimento,CEO,876693898,684.690.584-41,Viúvo,Administrador,30,Masculino,09/04/2024,Tomador de Decisão,Tomador de Decisão,Testemunha,Time Financeiro
7652,Parceiro,Antônia Alves,Alexandre Bazzi,Vendas,Alto,09/04/2024,09/04/2024,+55 (11) 3000-2612,+55 (11) 98124-7596,antônia.alves@gmail.com,http://linkedin.com/in/antôniaalves,@antôniaalves,"Rua Tangará, 132",Telefone,Coordenador,Marketing,Desenvolvimento,Desenvolvimento,Gerente,304235259,649.559.243-64,Solteiro,Economista,47,Masculino,09/04/2024,Tomador de Decisão,Admin,Testemunha,Responsável pelo Financeiro
242,Cliente,Lucas Lima,Luiza Aduan,Customer Success,Alto,09/04/2024,09/04/2024,+55 (11) 3000-3724,+55 (11) 98832-8956,lucas.lima@gmail.com,http://linkedin.com/in/lucaslima,@lucaslima,"Rua Tangará, 132",Whatsapp,Analista,Jurídico,Operações,Operações,Coordenador,276777762,488.102.499-43,Viúvo,Economista,45,Não Binário,09/04/2024,Coach,Campeão,Signatário,Time Financeiro
9490,Parceiro,Marcos Silva,Luiza Aduan,Customer Success,Baixo,09/04/2024,09/04/2024,+55 (11) 3000-1998,+55 (11) 99531-6138,marcos.silva@gmail.com,http://linkedin.com/in/marcossilva,@marcossilva,"Rua Tangará, 132",E-mail,Gerente,Financeiro,Executivo,Executivo,Head,639931481,973.643.261-17,Separado,Engenheiro,29,Masculino,09/04/2024,Tomador de Decisão,Usuário,Signatário,Time Financeiro
4034,Parceiro,Gabriel Gomes,Rafael Giacomini,Onboarding,Baixo,09/04/2024,09/04/2024,+55 (11) 3000-1651,+55 (11) 99268-2343,gabriel.gomes@gmail.com,http://linkedin.com/in/gabrielgomes,@gabrielgomes,"Rua Tangará, 132",Whatsapp,C-Level,Financeiro,Planejamento,Planejamento,CEO,379995032,309.785.833-50,Solteiro,Economista,43,Masculino,09/04/2024,Bloqueador,Admin,Testemunha,Responsável pelo Financeiro
9225,Cliente,João Pereira,Luiza Aduan,Vendas,Alto,09/04/2024,09/04/2024,+55 (11) 3000-9808,+55 (11) 98436-9288,joão.pereira@gmail.com,http://linkedin.com/in/joãopereira,@joãopereira,"Rua Tangará, 132",Telefone,Coordenador,Vendas,Operações,Operações,Gerente,362298393,478.391.261-66,Separado,Economista,57,Não Binário,09/04/2024,Tomador de Decisão,Usuário,Testemunha,Time Financeiro
4334,Cliente,Gabriel Oliveira,Rafael Giacomini,Onboarding,Alto,09/04/2024,09/04/2024,+55 (11) 3000-3546,+55 (11) 98557-5616,gabriel.oliveira@gmail.com,http://linkedin.com/in/gabrieloliveira,@gabrieloliveira,"Rua Tangará, 132",Telefone,Analista,Marketing,Planejamento,Planejamento,Coordenador,642678844,600.357.966-16,Casado,Administrador,35,Masculino,09/04/2024,Tomador de Decisão,Admin,Signatário,Sem Função de Faturamento
7240,Parceiro,Carlos Oliveira,Alexandre Bazzi,Vendas,Baixo,09/04/2024,09/04/2024,+55 (11) 3000-8007,+55 (11) 99148-1158,carlos.oliveira@gmail.com,http://linkedin.com/in/carlosoliveira,@carlosoliveira,"Rua Tangará, 132",E-mail,Coordenador,Marketing,Operações,Operações,Gerente,996139578,478.696.665-28,Viúvo,Empreendedor,20,Feminino,09/04/2024,Coach,Campeão,Testemunha,Responsável pelo Financeiro
5795,Parceiro,Bruno Santos,Alexandre Bazzi,Vendas,Médio,09/04/2024,09/04/2024,+55 (11) 3000-3532,+55 (11) 99895-4878,bruno.santos@gmail.com,http://linkedin.com/in/brunosantos,@brunosantos,"Rua Tangará, 132",Telefone,CEO,Gestão,Executivo,Executivo,,292587044,854.440.901-62,Solteiro,Economista,28,Não Binário,09/04/2024,Tomador de Decisão,Admin,Signatário,Time Financeiro
7542,Fornecedor,Bruno Souza,Luiza Aduan,Customer Success,Médio,09/04/2024,09/04/2024,+55 (11) 3000-4728,+55 (11) 98456-1387,bruno.souza@gmail.com,http://linkedin.com/in/brunosouza,@brunosouza,"Rua Tangará, 132",Telefone,Diretor,Vendas,Planejamento,Planejamento,C-Level,174539964,891.385.459-92,Separado,Administrador,52,Feminino,09/04/2024,Tomador de Decisão,Campeão,Testemunha,Responsável pelo Financeiro
627,Cliente,Patrícia Rodrigues,Luiza Aduan,Customer Success,Baixo,09/04/2024,09/04/2024,+55 (11) 3000-8119,+55 (11) 98707-6139,patrícia.rodrigues@gmail.com,http://linkedin.com/in/patríciarodrigues,@patríciarodrigues,"Rua Tangará, 132",Whatsapp,Head,Financeiro,Operações,Operações,Diretor,513600440,690.294.360-15,Viúvo,Engenheiro,51,Não Binário,09/04/2024,Influenciador,Admin,Testemunha,Responsável pelo Financeiro
5144,Parceiro,Maria Gomes,Rafael Giacomini,Onboarding,Alto,09/04/2024,09/04/2024,+55 (11) 3000-5920,+55 (11) 99038-6067,maria.gomes@gmail.com,http://linkedin.com/in/mariagomes,@mariagomes,"Rua Tangará, 132",Whatsapp,Gerente,Jurídico,Planejamento,Planejamento,Head,695295870,230.296.530-95,Viúvo,Empreendedor,57,Não Binário,09/04/2024,Bloqueador,Admin,Testemunha,Responsável pelo Financeiro
3444,Fornecedor,Rafael Rodrigues,Rafael Giacomini,Onboarding,Baixo,09/04/2024,09/04/2024,+55 (11) 3000-6279,+55 (11) 98952-8238,rafael.rodrigues@gmail.com,http://linkedin.com/in/rafaelrodrigues,@rafaelrodrigues,"Rua Tangará, 132",Whatsapp,Gerente,Financeiro,Executivo,Executivo,Head,952266893,915.853.273-94,Casado,Economista,50,Não Binário,09/04/2024,Coach,Campeão,Signatário,Sem Função de Faturamento
3263,Cliente,Rafael Souza,Alexandre Bazzi,Vendas,Alto,09/04/2024,09/04/2024,+55 (11) 3000-1757,+55 (11) 98501-8784,rafael.souza@gmail.com,http://linkedin.com/in/rafaelsouza,@rafaelsouza,"Rua Tangará, 132",E-mail,Gerente,Jurídico,Desenvolvimento,Desenvolvimento,Head,871318048,813.493.606-61,Solteiro,Empreendedor,59,Não Binário,09/04/2024,Tomador de Decisão,Campeão,Testemunha,Responsável pelo Financeiro
7612,Cliente,Luiz Lima,Luiza Aduan,Customer Success,Baixo,09/04/2024,09/04/2024,+55 (11) 3000-5082,+55 (11) 99878-2988,luiz.lima@gmail.com,http://linkedin.com/in/luizlima,@luizlima,"Rua Tangará, 132",Whatsapp,C-Level,Jurídico,Planejamento,Planejamento,CEO,910943524,553.727.934-74,Viúvo,Gerente,46,Masculino,09/04/2024,Bloqueador,Admin,Testemunha,Responsável pelo Financeiro
7940,Parceiro,Carlos Lima,Luiza Aduan,Customer Success,Alto,09/04/2024,09/04/2024,+55 (11) 3000-5499,+55 (11) 98900-2269,carlos.lima@gmail.com,http://linkedin.com/in/carloslima,@carloslima,"Rua Tangará, 132",Telefone,Coordenador,Vendas,Planejamento,Planejamento,Gerente,443285529,653.182.241-29,Solteiro,Administrador,27,Não Binário,09/04/2024,Influenciador,Campeão,Testemunha,Time Financeiro
7634,Fornecedor,Maria Lima,Rafael Giacomini,Onboarding,Alto,09/04/2024,09/04/2024,+55 (11) 3000-4388,+55 (11) 99705-7883,maria.lima@gmail.com,http://linkedin.com/in/marialima,@marialima,"Rua Tangará, 132",Whatsapp,Analista,Tecnologia,Executivo,Executivo,Coordenador,612153089,106.460.405-59,Viúvo,Gerente,52,Não Binário,09/04/2024,Influenciador,Admin,Signatário,Time Financeiro
476,Fornecedor,Antônia Pereira,Alexandre Bazzi,Vendas,Médio,09/04/2024,09/04/2024,+55 (11) 3000-7624,+55 (11) 99483-3704,antônia.pereira@gmail.com,http://linkedin.com/in/antôniapereira,@antôniapereira,"Rua Tangará, 132",Whatsapp,Gerente,Financeiro,Operações,Operações,Head,523076025,706.677.778-13,Casado,Administrador,26,Feminino,09/04/2024,Influenciador,Campeão,Testemunha,Time Financeiro
7450,Fornecedor,Maria Souza,Luiza Aduan,Customer Success,Médio,09/04/2024,09/04/2024,+55 (11) 3000-7211,+55 (11) 98569-7906,maria.souza@gmail.com,http://linkedin.com/in/mariasouza,@mariasouza,"Rua Tangará, 132",Telefone,C-Level,Jurídico,Operações,Operações,CEO,904258674,652.153.458-38,Casado,Engenheiro,19,Masculino,09/04/2024,Influenciador,Campeão,Testemunha,Responsável pelo Financeiro
7759,Parceiro,Bruno Oliveira,Alexandre Bazzi,Vendas,Alto,09/04/2024,09/04/2024,+55 (11) 3000-4571,+55 (11) 98952-5198,bruno.oliveira@gmail.com,http://linkedin.com/in/brunooliveira,@brunooliveira,"Rua Tangará, 132",Telefone,Gerente,Financeiro,Operações,Operações,Head,935147672,938.267.418-23,Separado,Engenheiro,37,Não Binário,09/04/2024,Bloqueador,Admin,Testemunha,Responsável pelo Financeiro
3979,Cliente,Pedro Gomes,Alexandre Bazzi,Vendas,Baixo,09/04/2024,09/04/2024,+55 (11) 3000-5941,+55 (11) 99741-2983,pedro.gomes@gmail.com,http://linkedin.com/in/pedrogomes,@pedrogomes,"Rua Tangará, 132",E-mail,C-Level,Financeiro,Executivo,Executivo,CEO,810303128,479.170.618-92,Divorciado,Engenheiro,44,Feminino,09/04/2024,Tomador de Decisão,Admin,Testemunha,Sem Função de Faturamento
7136,Cliente,Adriana Oliveira,Luiza Aduan,Customer Success,Baixo,09/04/2024,09/04/2024,+55 (11) 3000-9548,+55 (11) 99977-5425,adriana.oliveira@gmail.com,http://linkedin.com/in/adrianaoliveira,@adrianaoliveira,"Rua Tangará, 132",Whatsapp,Coordenador,Jurídico,Planejamento,Planejamento,Gerente,446071904,972.351.950-21,Divorciado,Administrador,33,Feminino,09/04/2024,Bloqueador,Admin,Signatário,Time Financeiro
7989,Cliente,Maria Oliveira,Luiza Aduan,Customer Success,Médio,09/04/2024,09/04/2024,+55 (11) 3000-5232,+55 (11) 98697-5581,maria.oliveira@gmail.com,http://linkedin.com/in/mariaoliveira,@mariaoliveira,"Rua Tangará, 132",Telefone,Gerente,Tecnologia,Desenvolvimento,Desenvolvimento,Head,191926217,347.837.516-72,Separado,Empreendedor,48,Não Binário,09/04/2024,Coach,Admin,Signatário,Responsável pelo Financeiro
6626,Parceiro,Rafael Souza,Rafael Giacomini,Onboarding,Alto,09/04/2024,09/04/2024,+55 (11) 3000-6016,+55 (11) 99359-7046,rafael.souza@gmail.com,http://linkedin.com/in/rafaelsouza,@rafaelsouza,"Rua Tangará, 132",Whatsapp,C-Level,Financeiro,Planejamento,Planejamento,CEO,556881239,863.663.438-55,Viúvo,Economista,37,Feminino,09/04/2024,Influenciador,Campeão,Testemunha,Responsável pelo Financeiro
8780,Outros,Maria Santos,Rafael Giacomini,Onboarding,Alto,09/04/2024,09/04/2024,+55 (11) 3000-4138,+55 (11) 98443-8933,maria.santos@gmail.com,http://linkedin.com/in/mariasantos,@mariasantos,"Rua Tangará, 132",Telefone,Coordenador,Financeiro,Planejamento,Planejamento,Gerente,207939087,952.298.403-39,Divorciado,Empreendedor,37,Masculino,09/04/2024,Influenciador,Admin,Signatário,Responsável pelo Financeiro
2069,Parceiro,Fernanda Rodrigues,Alexandre Bazzi,Vendas,Médio,09/04/2024,09/04/2024,+55 (11) 3000-2680,+55 (11) 99787-1200,fernanda.rodrigues@gmail.com,http://linkedin.com/in/fernandarodrigues,@fernandarodrigues,"Rua Tangará, 132",Telefone,Analista,Jurídico,Executivo,Executivo,Coordenador,465830215,288.152.358-71,Casado,Engenheiro,43,Feminino,09/04/2024,Tomador de Decisão,Usuário,Testemunha,Sem Função de Faturamento
2445,Parceiro,Lucas Oliveira,Luiza Aduan,Customer Success,Médio,09/04/2024,09/04/2024,+55 (11) 3000-2395,+55 (11) 98508-2940,lucas.oliveira@gmail.com,http://linkedin.com/in/lucasoliveira,@lucasoliveira,"Rua Tangará, 132",Whatsapp,Gerente,Financeiro,Desenvolvimento,Desenvolvimento,Head,932894596,635.489.561-66,Divorciado,Gerente,45,Feminino,09/04/2024,Tomador de Decisão,Tomador de Decisão,Testemunha,Responsável pelo Financeiro
4336,Parceiro,Marcos Souza,Luiza Aduan,Customer Success,Alto,09/04/2024,09/04/2024,+55 (11) 3000-3573,+55 (11) 98491-3847,marcos.souza@gmail.com,http://linkedin.com/in/marcossouza,@marcossouza,"Rua Tangará, 132",E-mail,C-Level,Tecnologia,Executivo,Executivo,CEO,583724666,805.708.581-47,Casado,Empreendedor,36,Não Binário,09/04/2024,Coach,Usuário,Testemunha,Responsável pelo Financeiro
9664,Parceiro,Bruno Rodrigues,Rafael Giacomini,Onboarding,Alto,09/04/2024,09/04/2024,+55 (11) 3000-7965,+55 (11) 98235-9922,bruno.rodrigues@gmail.com,http://linkedin.com/in/brunorodrigues,@brunorodrigues,"Rua Tangará, 132",Telefone,Coordenador,Vendas,Desenvolvimento,Desenvolvimento,Gerente,176675731,161.269.911-49,Separado,Gerente,36,Feminino,09/04/2024,Tomador de Decisão,Admin,Testemunha,Time Financeiro
8200,Parceiro,Francisca Rodrigues,Alexandre Bazzi,Vendas,Médio,09/04/2024,09/04/2024,+55 (11) 3000-8172,+55 (11) 98164-1653,francisca.rodrigues@gmail.com,http://linkedin.com/in/franciscarodrigues,@franciscarodrigues,"Rua Tangará, 132",Whatsapp,Analista,Financeiro,Planejamento,Planejamento,Coordenador,127772220,193.334.790-83,Separado,Engenheiro,35,Não Binário,09/04/2024,Tomador de Decisão,Campeão,Testemunha,Sem Função de Faturamento
2974,Parceiro,Adriana Rodrigues,Luiza Aduan,Customer Success,Médio,09/04/2024,09/04/2024,+55 (11) 3000-9056,+55 (11) 99984-2494,adriana.rodrigues@gmail.com,http://linkedin.com/in/adrianarodrigues,@adrianarodrigues,"Rua Tangará, 132",Whatsapp,Coordenador,Jurídico,Planejamento,Planejamento,Gerente,444733679,786.207.978-30,Divorciado,Administrador,49,Feminino,09/04/2024,Coach,Tomador de Decisão,Signatário,Time Financeiro
4136,Fornecedor,Pedro Ferreira,Luiza Aduan,Customer Success,Alto,09/04/2024,09/04/2024,+55 (11) 3000-7622,+55 (11) 99771-9431,pedro.ferreira@gmail.com,http://linkedin.com/in/pedroferreira,@pedroferreira,"Rua Tangará, 132",E-mail,Gerente,Jurídico,Executivo,Executivo,Head,158201193,292.630.470-89,Viúvo,Administrador,21,Masculino,09/04/2024,Coach,Usuário,Signatário,Time Financeiro
1990,Cliente,Adriana Pereira,Alexandre Bazzi,Vendas,Baixo,09/04/2024,09/04/2024,+55 (11) 3000-4920,+55 (11) 99453-3594,adriana.pereira@gmail.com,http://linkedin.com/in/adrianapereira,@adrianapereira,"Rua Tangará, 132",Telefone,C-Level,Tecnologia,Executivo,Executivo,CEO,200082623,330.961.216-69,Casado,Empreendedor,49,Não Binário,09/04/2024,Coach,Tomador de Decisão,Testemunha,Time Financeiro
7737,Cliente,Antônia Pereira,Alexandre Bazzi,Vendas,Médio,09/04/2024,09/04/2024,+55 (11) 3000-3369,+55 (11) 98785-4122,antônia.pereira@gmail.com,http://linkedin.com/in/antôniapereira,@antôniapereira,"Rua Tangará, 132",Telefone,Gerente,Vendas,Executivo,Executivo,Head,464938258,906.619.373-10,Divorciado,Economista,55,Não Binário,09/04/2024,Bloqueador,Campeão,Testemunha,Sem Função de Faturamento
5447,Parceiro,Juliana Ferreira,Luiza Aduan,Customer Success,Baixo,09/04/2024,09/04/2024,+55 (11) 3000-7180,+55 (11) 98932-6272,juliana.ferreira@gmail.com,http://linkedin.com/in/julianaferreira,@julianaferreira,"Rua Tangará, 132",Telefone,C-Level,Financeiro,Executivo,Executivo,CEO,350785761,976.894.520-15,Divorciado,Administrador,42,Feminino,09/04/2024,Influenciador,Admin,Signatário,Responsável pelo Financeiro
5440,Cliente,Márcia Gomes,Luiza Aduan,Customer Success,Médio,09/04/2024,09/04/2024,+55 (11) 3000-2633,+55 (11) 99077-8486,márcia.gomes@gmail.com,http://linkedin.com/in/márciagomes,@márciagomes,"Rua Tangará, 132",E-mail,Gerente,Jurídico,Desenvolvimento,Desenvolvimento,Head,180346223,580.900.371-53,Separado,Administrador,59,Masculino,09/04/2024,Bloqueador,Tomador de Decisão,Testemunha,Time Financeiro
8865,Cliente,Maria Pereira,Rafael Giacomini,Onboarding,Baixo,09/04/2024,09/04/2024,+55 (11) 3000-2121,+55 (11) 98480-5708,maria.pereira@gmail.com,http://linkedin.com/in/mariapereira,@mariapereira,"Rua Tangará, 132",Telefone,C-Level,Jurídico,Operações,Operações,CEO,916440738,748.820.993-22,Viúvo,Empreendedor,37,Masculino,09/04/2024,Tomador de Decisão,Admin,Signatário,Time Financeiro
7057,Cliente,Ana Ferreira,Rafael Giacomini,Onboarding,Alto,09/04/2024,09/04/2024,+55 (11) 3000-9702,+55 (11) 98843-3950,ana.ferreira@gmail.com,http://linkedin.com/in/anaferreira,@anaferreira,"Rua Tangará, 132",Telefone,Gerente,Tecnologia,Executivo,Executivo,Head,765408938,799.346.609-84,Solteiro,Empreendedor,47,Não Binário,09/04/2024,Bloqueador,Admin,Testemunha,Sem Função de Faturamento
4713,Parceiro,João Pereira,Alexandre Bazzi,Vendas,Baixo,09/04/2024,09/04/2024,+55 (11) 3000-3588,+55 (11) 98151-8237,joão.pereira@gmail.com,http://linkedin.com/in/joãopereira,@joãopereira,"Rua Tangará, 132",Telefone,C-Level,Vendas,Executivo,Executivo,CEO,841218491,356.567.965-48,Solteiro,Administrador,48,Masculino,09/04/2024,Influenciador,Admin,Testemunha,Time Financeiro
4838,Cliente,Patrícia Rodrigues,Luiza Aduan,Customer Success,Baixo,09/04/2024,09/04/2024,+55 (11) 3000-7484,+55 (11) 98562-1132,patrícia.rodrigues@gmail.com,http://linkedin.com/in/patríciarodrigues,@patríciarodrigues,"Rua Tangará, 132",E-mail,Gerente,Jurídico,Planejamento,Planejamento,Head,932945529,918.335.721-55,Solteiro,Empreendedor,57,Feminino,09/04/2024,Influenciador,Tomador de Decisão,Signatário,Sem Função de Faturamento
7223,Cliente,Lucas Rodrigues,Luiza Aduan,Customer Success,Baixo,09/04/2024,09/04/2024,+55 (11) 3000-6977,+55 (11) 99499-3153,lucas.rodrigues@gmail.com,http://linkedin.com/in/lucasrodrigues,@lucasrodrigues,"Rua Tangará, 132",E-mail,Gerente,Vendas,Executivo,Executivo,Head,288592093,305.235.905-79,Divorciado,Gerente,50,Feminino,09/04/2024,Influenciador,Admin,Testemunha,Time Financeiro
7674,Cliente,Maria Santos,Rafael Giacomini,Onboarding,Alto,09/04/2024,09/04/2024,+55 (11) 3000-4696,+55 (11) 99761-7511,maria.santos@gmail.com,http://linkedin.com/in/mariasantos,@mariasantos,"Rua Tangará, 132",Telefone,Gerente,Jurídico,Operações,Operações,Head,383960237,649.226.565-57,Divorciado,Gerente,42,Não Binário,09/04/2024,Bloqueador,Campeão,Testemunha,Responsável pelo Financeiro
9199,Fornecedor,Juliana Silva,Alexandre Bazzi,Vendas,Baixo,09/04/2024,09/04/2024,+55 (11) 3000-4626,+55 (11) 99326-2035,juliana.silva@gmail.com,http://linkedin.com/in/julianasilva,@julianasilva,"Rua Tangará, 132",Whatsapp,C-Level,Jurídico,Operações,Operações,CEO,250084428,146.138.411-73,Casado,Engenheiro,33,Não Binário,09/04/2024,Influenciador,Admin,Testemunha,Time Financeiro
9623,Parceiro,Fernanda Alves,Luiza Aduan,Customer Success,Baixo,09/04/2024,09/04/2024,+55 (11) 3000-3531,+55 (11) 99813-7797,fernanda.alves@gmail.com,http://linkedin.com/in/fernandaalves,@fernandaalves,"Rua Tangará, 132",E-mail,Coordenador,Financeiro,Executivo,Executivo,Gerente,400368694,133.806.479-37,Viúvo,Administrador,33,Feminino,09/04/2024,Tomador de Decisão,Tomador de Decisão,Testemunha,Sem Função de Faturamento
6524,Fornecedor,Ana Silva,Luiza Aduan,Customer Success,Alto,09/04/2024,09/04/2024,+55 (11) 3000-3001,+55 (11) 99943-8450,ana.silva@gmail.com,http://linkedin.com/in/anasilva,@anasilva,"Rua Tangará, 132",E-mail,Analista,Financeiro,Operações,Operações,Coordenador,154308262,905.441.349-26,Separado,Empreendedor,22,Não Binário,09/04/2024,Influenciador,Usuário,Signatário,Responsável pelo Financeiro
9765,Cliente,Maria Oliveira,Rafael Giacomini,Onboarding,Médio,09/04/2024,09/04/2024,+55 (11) 3000-3370,+55 (11) 98266-9850,maria.oliveira@gmail.com,http://linkedin.com/in/mariaoliveira,@mariaoliveira,"Rua Tangará, 132",Telefone,Coordenador,Tecnologia,Operações,Operações,Gerente,241522640,115.466.908-40,Separado,Economista,19,Masculino,09/04/2024,Bloqueador,Campeão,Signatário,Sem Função de Faturamento
1863,Parceiro,Antônia Lima,Luiza Aduan,Vendas,Alto,09/04/2024,09/04/2024,+55 (11) 3000-8802,+55 (11) 98918-6931,antônia.lima@gmail.com,http://linkedin.com/in/antônialima,@antônialima,"Rua Tangará, 132",E-mail,Gerente,Financeiro,Desenvolvimento,Desenvolvimento,Head,760465943,144.844.902-94,Separado,Economista,47,Não Binário,09/04/2024,Tomador de Decisão,Campeão,Testemunha,Time Financeiro
8033,Parceiro,Antônia Santos,Rafael Giacomini,Onboarding,Médio,09/04/2024,09/04/2024,+55 (11) 3000-2204,+55 (11) 99841-2323,antônia.santos@gmail.com,http://linkedin.com/in/antôniasantos,@antôniasantos,"Rua Tangará, 132",Telefone,C-Level,Marketing,Operações,Operações,CEO,235497187,381.739.748-84,Separado,Economista,42,Não Binário,09/04/2024,Bloqueador,Admin,Testemunha,Sem Função de Faturamento
1875,Parceiro,Antônia Santos,Alexandre Bazzi,Vendas,Baixo,09/04/2024,09/04/2024,+55 (11) 3000-4522,+55 (11) 98880-8398,antônia.santos@gmail.com,http://linkedin.com/in/antôniasantos,@antôniasantos,"Rua Tangará, 132",Telefone,Coordenador,Vendas,Executivo,Executivo,Gerente,528133274,525.847.197-50,Viúvo,Economista,60,Feminino,09/04/2024,Bloqueador,Campeão,Testemunha,Time Financeiro
1399,Cliente,Pedro Santos,Alexandre Bazzi,Vendas,Médio,09/04/2024,09/04/2024,+55 (11) 3000-2582,+55 (11) 99524-7105,pedro.santos@gmail.com,http://linkedin.com/in/pedrosantos,@pedrosantos,"Rua Tangará, 132",Telefone,Analista,Tecnologia,Planejamento,Planejamento,Coordenador,819421270,225.520.462-95,Viúvo,Engenheiro,36,Não Binário,09/04/2024,Bloqueador,Admin,Signatário,Sem Função de Faturamento
2536,Parceiro,Márcia Souza,Luiza Aduan,Customer Success,Médio,09/04/2024,09/04/2024,+55 (11) 3000-4674,+55 (11) 99735-2773,márcia.souza@gmail.com,http://linkedin.com/in/márciasouza,@márciasouza,"Rua Tangará, 132",Telefone,Coordenador,Vendas,Operações,Operações,Gerente,918841563,385.687.331-64,Separado,Gerente,57,Não Binário,09/04/2024,Tomador de Decisão,Usuário,Testemunha,Sem Função de Faturamento
2956,Fornecedor,Carlos Silva,Luiza Aduan,Customer Success,Baixo,09/04/2024,09/04/2024,+55 (11) 3000-6062,+55 (11) 99887-6567,carlos.silva@gmail.com,http://linkedin.com/in/carlossilva,@carlossilva,"Rua Tangará, 132",Telefone,CEO,Gestão,Executivo,Executivo,,708082645,773.510.171-28,Casado,Engenheiro,51,Masculino,09/04/2024,Bloqueador,Admin,Testemunha,Time Financeiro
5106,Parceiro,Luiz Ferreira,Rafael Giacomini,Onboarding,Médio,09/04/2024,09/04/2024,+55 (11) 3000-2391,+55 (11) 99809-1861,luiz.ferreira@gmail.com,http://linkedin.com/in/luizferreira,@luizferreira,"Rua Tangará, 132",Telefone,Diretor,Financeiro,Operações,Operações,C-Level,823668399,183.378.553-94,Viúvo,Administrador,56,Feminino,09/04/2024,Campeão,Admin,Signatário,Sem Função de Faturamento
7044,Cliente,Gabriel Ferreira,Rafael Giacomini,Onboarding,Médio,09/04/2024,09/04/2024,+55 (11) 3000-8972,+55 (11) 99079-6053,gabriel.ferreira@gmail.com,http://linkedin.com/in/gabrielferreira,@gabrielferreira,"Rua Tangará, 132",E-mail,Head,Jurídico,Operações,Operações,Diretor,108253947,309.408.316-27,Divorciado,Economista,38,Masculino,09/04/2024,Tomador de Decisão,Admin,Testemunha,Time Financeiro
6230,Parceiro,Luiz Oliveira,Alexandre Bazzi,Vendas,Baixo,09/04/2024,09/04/2024,+55 (11) 3000-4770,+55 (11) 99024-6802,luiz.oliveira@gmail.com,http://linkedin.com/in/luizoliveira,@luizoliveira,"Rua Tangará, 132",E-mail,Gerente,Tecnologia,Executivo,Executivo,Head,120123575,570.179.982-50,Separado,Administrador,54,Feminino,09/04/2024,Bloqueador,Admin,Signatário,Time Financeiro
2816,Parceiro,João Ferreira,Alexandre Bazzi,Vendas,Médio,09/04/2024,09/04/2024,+55 (11) 3000-6928,+55 (11) 98180-8155,joão.ferreira@gmail.com,http://linkedin.com/in/joãoferreira,@joãoferreira,"Rua Tangará, 132",E-mail,C-Level,Jurídico,Executivo,Executivo,CEO,662600500,180.505.991-49,Divorciado,Empreendedor,39,Masculino,09/04/2024,Tomador de Decisão,Usuário,Testemunha,Responsável pelo Financeiro
3177,Fornecedor,Márcia Lima,Luiza Aduan,Customer Success,Médio,09/04/2024,09/04/2024,+55 (11) 3000-3419,+55 (11) 98483-2684,márcia.lima@gmail.com,http://linkedin.com/in/márcialima,@márcialima,"Rua Tangará, 132",Telefone,Coordenador,Marketing,Desenvolvimento,Desenvolvimento,Gerente,746820987,256.878.877-93,Casado,Empreendedor,58,Feminino,09/04/2024,Campeão,Usuário,Testemunha,Time Financeiro
5296,Parceiro,Patrícia Gomes,Luiza Aduan,Customer Success,Médio,09/04/2024,09/04/2024,+55 (11) 3000-3473,+55 (11) 98900-2118,patrícia.gomes@gmail.com,http://linkedin.com/in/patríciagomes,@patríciagomes,"Rua Tangará, 132",Whatsapp,Analista,Vendas,Planejamento,Planejamento,Coordenador,735032128,157.460.619-19,Divorciado,Administrador,46,Masculino,09/04/2024,Tomador de Decisão,Admin,Testemunha,Responsável pelo Financeiro
9734,Parceiro,Pedro Gomes,Rafael Giacomini,Onboarding,Médio,09/04/2024,09/04/2024,+55 (11) 3000-8581,+55 (11) 99188-1672,pedro.gomes@gmail.com,http://linkedin.com/in/pedrogomes,@pedrogomes,"Rua Tangará, 132",Whatsapp,Coordenador,Marketing,Planejamento,Planejamento,Gerente,749620068,587.613.254-17,Viúvo,Engenheiro,39,Não Binário,09/04/2024,Tomador de Decisão,Usuário,Testemunha,Responsável pelo Financeiro
7173,Fornecedor,Lucas Souza,Rafael Giacomini,Onboarding,Baixo,09/04/2024,09/04/2024,+55 (11) 3000-9564,+55 (11) 99248-3600,lucas.souza@gmail.com,http://linkedin.com/in/lucassouza,@lucassouza,"Rua Tangará, 132",Telefone,CEO,Gestão,Executivo,Executivo,,538912794,893.446.795-86,Casado,Economista,22,Feminino,09/04/2024,Tomador de Decisão,Usuário,Testemunha,Time Financeiro
9875,Cliente,Rafael Rodrigues,Alexandre Bazzi,Vendas,Médio,09/04/2024,09/04/2024,+55 (11) 3000-2335,+55 (11) 99193-3317,rafael.rodrigues@gmail.com,http://linkedin.com/in/rafaelrodrigues,@rafaelrodrigues,"Rua Tangará, 132",Telefone,Diretor,Jurídico,Desenvolvimento,Desenvolvimento,C-Level,738920648,825.186.417-81,Viúvo,Economista,26,Não Binário,09/04/2024,Tomador de Decisão,Usuário,Testemunha,Time Financeiro
299,Fornecedor,Márcia Ferreira,Luiza Aduan,Customer Success,Médio,09/04/2024,09/04/2024,+55 (11) 3000-3953,+55 (11) 99947-4509,márcia.ferreira@gmail.com,http://linkedin.com/in/márciaferreira,@márciaferreira,"Rua Tangará, 132",Telefone,Head,Marketing,Desenvolvimento,Desenvolvimento,Diretor,247709679,258.179.402-22,Separado,Gerente,51,Masculino,09/04/2024,Campeão,Usuário,Signatário,Sem Função de Faturamento
2659,Cliente,Francisca Oliveira,Luiza Aduan,Customer Success,Baixo,09/04/2024,09/04/2024,+55 (11) 3000-3712,+55 (11) 99476-8170,francisca.oliveira@gmail.com,http://linkedin.com/in/franciscaoliveira,@franciscaoliveira,"Rua Tangará, 132",E-mail,Gerente,Vendas,Desenvolvimento,Desenvolvimento,Head,576954730,725.391.870-67,Solteiro,Gerente,33,Feminino,09/04/2024,Campeão,Campeão,Testemunha,Sem Função de Faturamento
7565,Fornecedor,Patrícia Pereira,Alexandre Bazzi,Vendas,Médio,09/04/2024,09/04/2024,+55 (11) 3000-9239,+55 (11) 99080-7859,patrícia.pereira@gmail.com,http://linkedin.com/in/patríciapereira,@patríciapereira,"Rua Tangará, 132",Telefone,C-Level,Financeiro,Desenvolvimento,Desenvolvimento,CEO,368438908,153.756.592-57,Separado,Engenheiro,51,Masculino,09/04/2024,Bloqueador,Campeão,Signatário,Time Financeiro
2415,Fornecedor,Adriana Lima,Alexandre Bazzi,Vendas,Alto,09/04/2024,09/04/2024,+55 (11) 3000-4637,+55 (11) 99672-8391,adriana.lima@gmail.com,http://linkedin.com/in/adrianalima,@adrianalima,"Rua Tangará, 132",Telefone,Coordenador,Jurídico,Operações,Operações,Gerente,525689202,614.482.341-59,Casado,Economista,32,Masculino,09/04/2024,Bloqueador,Campeão,Testemunha,Sem Função de Faturamento
2255,Cliente,Maria Oliveira,Luiza Aduan,Customer Success,Médio,09/04/2024,09/04/2024,+55 (11) 3000-8740,+55 (11) 99425-3273,maria.oliveira@gmail.com,http://linkedin.com/in/mariaoliveira,@mariaoliveira,"Rua Tangará, 132",Whatsapp,Gerente,Financeiro,Operações,Operações,Head,185068029,119.362.320-29,Separado,Gerente,51,Feminino,09/04/2024,Tomador de Decisão,Admin,Signatário,Time Financeiro
3907,Fornecedor,Gabriel Silva,Luiza Aduan,Customer Success,Baixo,09/04/2024,09/04/2024,+55 (11) 3000-8489,+55 (11) 98128-2816,gabriel.silva@gmail.com,http://linkedin.com/in/gabrielsilva,@gabrielsilva,"Rua Tangará, 132",Whatsapp,C-Level,Financeiro,Operações,Operações,CEO,778556450,627.688.347-28,Divorciado,Administrador,18,Não Binário,09/04/2024,Campeão,Campeão,Testemunha,Time Financeiro
8577,Fornecedor,Luiz Santos,Rafael Giacomini,Onboarding,Alto,09/04/2024,09/04/2024,+55 (11) 3000-9618,+55 (11) 99114-9312,luiz.santos@gmail.com,http://linkedin.com/in/luizsantos,@luizsantos,"Rua Tangará, 132",E-mail,Coordenador,Jurídico,Operações,Operações,Gerente,782546314,496.482.359-12,Divorciado,Engenheiro,40,Masculino,09/04/2024,Tomador de Decisão,Usuário,Testemunha,Time Financeiro
5773,Parceiro,Matheus Silva,Rafael Giacomini,Onboarding,Médio,09/04/2024,09/04/2024,+55 (11) 3000-3868,+55 (11) 99700-8612,matheus.silva@gmail.com,http://linkedin.com/in/matheussilva,@matheussilva,"Rua Tangará, 132",Whatsapp,Analista,Marketing,Operações,Operações,Coordenador,868847524,894.568.137-47,Solteiro,Engenheiro,30,Masculino,09/04/2024,Campeão,Admin,Testemunha,Time Financeiro
4151,Cliente,Fernanda Pereira,Alexandre Bazzi,Vendas,Baixo,09/04/2024,09/04/2024,+55 (11) 3000-4131,+55 (11) 98585-6848,fernanda.pereira@gmail.com,http://linkedin.com/in/fernandapereira,@fernandapereira,"Rua Tangará, 132",E-mail,Coordenador,Vendas,Operações,Operações,Gerente,958287383,476.547.509-66,Viúvo,Economista,29,Feminino,09/04/2024,Campeão,Admin,Testemunha,Time Financeiro
1294,Fornecedor,Pedro Alves,Luiza Aduan,Customer Success,Baixo,09/04/2024,09/04/2024,+55 (11) 3000-3956,+55 (11) 99117-5813,pedro.alves@gmail.com,http://linkedin.com/in/pedroalves,@pedroalves,"Rua Tangará, 132",Telefone,CEO,Gestão,Executivo,Executivo,,809656613,402.413.556-87,Viúvo,Empreendedor,46,Feminino,09/04/2024,Campeão,Campeão,Testemunha,Time Financeiro
4499,Parceiro,Aline Alves,Luiza Aduan,Customer Success,Alto,09/04/2024,09/04/2024,+55 (11) 3000-2229,+55 (11) 99374-7655,aline.alves@gmail.com,http://linkedin.com/in/alinealves,@alinealves,"Rua Tangará, 132",Telefone,Diretor,Marketing,Operações,Operações,C-Level,253308283,969.722.794-66,Casado,Empreendedor,22,Masculino,09/04/2024,Bloqueador,Admin,Testemunha,Sem Função de Faturamento
2514,Parceiro,Lucas Gomes,Rafael Giacomini,Onboarding,Médio,09/04/2024,09/04/2024,+55 (11) 3000-7077,+55 (11) 98761-8273,lucas.gomes@gmail.com,http://linkedin.com/in/lucasgomes,@lucasgomes,"Rua Tangará, 132",E-mail,Head,Marketing,Planejamento,Planejamento,Diretor,527385805,421.765.385-41,Casado,Engenheiro,29,Feminino,09/04/2024,Bloqueador,Usuário,Signatário,Time Financeiro
3516,Colaborador,Carlos Pereira,Alexandre Bazzi,Vendas,Médio,09/04/2024,09/04/2024,+55 (11) 3000-9047,+55 (11) 98409-3009,carlos.pereira@gmail.com,http://linkedin.com/in/carlospereira,@carlospereira,"Rua Tangará, 132",Telefone,Gerente,Jurídico,Desenvolvimento,Desenvolvimento,Head,865975088,555.189.929-97,Divorciado,Economista,22,Não Binário,09/04/2024,Bloqueador,Admin,Signatário,Sem Função de Faturamento
8336,Cliente,Luiz Ferreira,Luiza Aduan,Customer Success,Alto,09/04/2024,09/04/2024,+55 (11) 3000-4292,+55 (11) 99622-3275,luiz.ferreira@gmail.com,http://linkedin.com/in/luizferreira,@luizferreira,"Rua Tangará, 132",Telefone,C-Level,Tecnologia,Planejamento,Planejamento,CEO,694875990,686.477.578-80,Solteiro,Gerente,23,Masculino,09/04/2024,Bloqueador,Admin,Testemunha,Sem Função de Faturamento
6731,Fornecedor,Juliana Lima,Luiza Aduan,Customer Success,Baixo,09/04/2024,09/04/2024,+55 (11) 3000-2208,+55 (11) 98256-6194,juliana.lima@gmail.com,http://linkedin.com/in/julianalima,@julianalima,"Rua Tangará, 132",E-mail,Coordenador,Jurídico,Planejamento,Planejamento,Gerente,237798236,999.948.898-80,Separado,Empreendedor,26,Feminino,09/04/2024,Tomador de Decisão,Campeão,Testemunha,Responsável pelo Financeiro
2654,Fornecedor,Rafael Oliveira,Rafael Giacomini,Onboarding,Baixo,09/04/2024,09/04/2024,+55 (11) 3000-4694,+55 (11) 98708-9501,rafael.oliveira@gmail.com,http://linkedin.com/in/rafaeloliveira,@rafaeloliveira,"Rua Tangará, 132",Telefone,Analista,Vendas,Desenvolvimento,Desenvolvimento,Coordenador,781887358,664.381.228-90,Divorciado,Gerente,52,Masculino,09/04/2024,Influenciador,Usuário,Testemunha,Responsável pelo Financeiro
9915,Fornecedor,Luiz Gomes,Luiza Aduan,Vendas,Baixo,09/04/2024,09/04/2024,+55 (11) 3000-1674,+55 (11) 99690-1464,luiz.gomes@gmail.com,http://linkedin.com/in/luizgomes,@luizgomes,"Rua Tangará, 132",E-mail,Coordenador,Financeiro,Planejamento,Planejamento,Gerente,799145494,315.885.685-63,Separado,Engenheiro,49,Não Binário,09/04/2024,Bloqueador,Usuário,Testemunha,Time Financeiro
4874,Fornecedor,Bruno Alves,Alexandre Bazzi,Vendas,Alto,09/04/2024,09/04/2024,+55 (11) 3000-1981,+55 (11) 98323-8202,bruno.alves@gmail.com,http://linkedin.com/in/brunoalves,@brunoalves,"Rua Tangará, 132",Whatsapp,CEO,Gestão,Executivo,Executivo,,465278987,721.247.420-50,Divorciado,Administrador,26,Feminino,09/04/2024,Tomador de Decisão,Admin,Signatário,Time Financeiro
7367,Cliente,Gabriel Rodrigues,Alexandre Bazzi,Vendas,Alto,09/04/2024,09/04/2024,+55 (11) 3000-2586,+55 (11) 98103-5754,gabriel.rodrigues@gmail.com,http://linkedin.com/in/gabrielrodrigues,@gabrielrodrigues,"Rua Tangará, 132",Whatsapp,Diretor,Jurídico,Desenvolvimento,Desenvolvimento,C-Level,271476207,933.435.691-50,Solteiro,Empreendedor,49,Não Binário,09/04/2024,Bloqueador,Admin,Testemunha,Time Financeiro
6443,Parceiro,João Santos,Luiza Aduan,Customer Success,Médio,09/04/2024,09/04/2024,+55 (11) 3000-4944,+55 (11) 98440-6781,joão.santos@gmail.com,http://linkedin.com/in/joãosantos,@joãosantos,"Rua Tangará, 132",E-mail,Head,Vendas,Executivo,Executivo,Diretor,741580895,963.769.788-70,Divorciado,Gerente,18,Masculino,09/04/2024,Bloqueador,Campeão,Testemunha,Sem Função de Faturamento
5996,Acionista,Ana Alves,Luiza Aduan,Customer Success,Médio,09/04/2024,09/04/2024,+55 (11) 3000-1838,+55 (11) 99167-4189,ana.alves@gmail.com,http://linkedin.com/in/anaalves,@anaalves,"Rua Tangará, 132",Telefone,Gerente,Vendas,Operações,Operações,Head,514838889,616.561.882-80,Divorciado,Gerente,57,Masculino,09/04/2024,Influenciador,Campeão,Testemunha,Time Financeiro
5991,Acionista,Maria Lima,Rafael Giacomini,Onboarding,Alto,09/04/2024,09/04/2024,+55 (11) 3000-9341,+55 (11) 98822-9193,maria.lima@gmail.com,http://linkedin.com/in/marialima,@marialima,"Rua Tangará, 132",E-mail,Coordenador,Tecnologia,Desenvolvimento,Desenvolvimento,Gerente,866213410,441.923.585-76,Viúvo,Empreendedor,56,Não Binário,09/04/2024,Influenciador,Admin,Testemunha,Time Financeiro
4903,Parceiro,Luiz Alves,Rafael Giacomini,Onboarding,Médio,09/04/2024,09/04/2024,+55 (11) 3000-9311,+55 (11) 99696-9351,luiz.alves@gmail.com,http://linkedin.com/in/luizalves,@luizalves,"Rua Tangará, 132",Whatsapp,Gerente,Vendas,Executivo,Executivo,Head,975903641,117.477.439-96,Casado,Administrador,55,Feminino,09/04/2024,Tomador de Decisão,Usuário,Testemunha,Time Financeiro
3729,Parceiro,Patrícia Gomes,Alexandre Bazzi,Vendas,Alto,09/04/2024,09/04/2024,+55 (11) 3000-8871,+55 (11) 98349-9589,patrícia.gomes@gmail.com,http://linkedin.com/in/patríciagomes,@patríciagomes,"Rua Tangará, 132",Whatsapp,Gerente,Marketing,Operações,Operações,Head,714792641,817.212.295-12,Viúvo,Economista,44,Masculino,09/04/2024,Bloqueador,Usuário,Signatário,Time Financeiro
7727,Parceiro,Márcia Gomes,Alexandre Bazzi,Vendas,Baixo,09/04/2024,09/04/2024,+55 (11) 3000-2020,+55 (11) 99445-3262,márcia.gomes@gmail.com,http://linkedin.com/in/márciagomes,@márciagomes,"Rua Tangará, 132",Telefone,C-Level,Vendas,Executivo,Executivo,CEO,664226794,485.421.277-68,Separado,Economista,52,Feminino,09/04/2024,Bloqueador,Usuário,Testemunha,Responsável pelo Financeiro
9144,Outros,Bruno Rodrigues,Luiza Aduan,Customer Success,Alto,09/04/2024,09/04/2024,+55 (11) 3000-5876,+55 (11) 99579-5735,bruno.rodrigues@gmail.com,http://linkedin.com/in/brunorodrigues,@brunorodrigues,"Rua Tangará, 132",Telefone,Coordenador,Vendas,Executivo,Executivo,Gerente,474524558,673.914.838-45,Divorciado,Engenheiro,54,Não Binário,09/04/2024,Bloqueador,Admin,Testemunha,Responsável pelo Financeiro
4713,Parceiro,Rafael Silva,Luiza Aduan,Customer Success,Alto,09/04/2024,09/04/2024,+55 (11) 3000-6674,+55 (11) 99892-8247,rafael.silva@gmail.com,http://linkedin.com/in/rafaelsilva,@rafaelsilva,"Rua Tangará, 132",Telefone,Analista,Marketing,Desenvolvimento,Desenvolvimento,Coordenador,989006374,651.377.675-99,Divorciado,Empreendedor,24,Não Binário,09/04/2024,Influenciador,Campeão,Signatário,Sem Função de Faturamento
3815,Cliente,Márcia Souza,Rafael Giacomini,Onboarding,Alto,09/04/2024,09/04/2024,+55 (11) 3000-7771,+55 (11) 98676-8739,márcia.souza@gmail.com,http://linkedin.com/in/márciasouza,@márciasouza,"Rua Tangará, 132",E-mail,Coordenador,Tecnologia,Desenvolvimento,Desenvolvimento,Gerente,536913550,768.999.587-71,Solteiro,Economista,38,Feminino,09/04/2024,Tomador de Decisão,Campeão,Testemunha,Sem Função de Faturamento
612,Cliente,Bruno Lima,Alexandre Bazzi,Vendas,Médio,09/04/2024,09/04/2024,+55 (11) 3000-3880,+55 (11) 99912-1595,bruno.lima@gmail.com,http://linkedin.com/in/brunolima,@brunolima,"Rua Tangará, 132",Whatsapp,Gerente,Marketing,Planejamento,Planejamento,Head,140229006,109.405.681-87,Casado,Economista,36,Feminino,09/04/2024,Bloqueador,Campeão,Testemunha,Time Financeiro
1846,Fornecedor,Carlos Souza,Alexandre Bazzi,Vendas,Alto,09/04/2024,09/04/2024,+55 (11) 3000-8518,+55 (11) 99327-5215,carlos.souza@gmail.com,http://linkedin.com/in/carlossouza,@carlossouza,"Rua Tangará, 132",Telefone,C-Level,Vendas,Planejamento,Planejamento,CEO,709650444,790.875.297-32,Separado,Administrador,45,Não Binário,09/04/2024,Bloqueador,Campeão,Testemunha,Sem Função de Faturamento
4507,,Gabriel Silva,Alexandre Bazzi,,Alto,09/04/2024,,,,gabriel.silva@gmail.com,http://linkedin.com/in/gabrielsilva,@gabrielsilva,"Rua Tangará, 132",E-mail,Gerente,Jurídico,Operações,Vendas,Head,131994523,195.323.338-74,Separado(a),Engenheiro,20 anos,Masculino,12/02/1980,Coach,Campeão,Testemunha,Sem Função de Faturamento
2616,,Carlos Silva,Alexandre Bazzi,,Médio,10/04/2024,,,,carlos.silva@gmail.com,http://linkedin.com/in/carlossilva,@carlossilva,"Rua Tangará, 132",Telefone,C-Level,Tecnologia,Operações,Vendas,CEO,507943839,199.467.967-54,Separado(a),Economista,35 anos,Não Binário,13/02/1980,Bloqueador,Tomador de Decisão,Signatário,Time Financeiro
4804,,Pedro Lima,Luiza Aduan,,Baixo,11/04/2024,,,,pedro.lima@gmail.com,http://linkedin.com/in/pedrolima,@pedrolima,"Rua Tangará, 132",E-mail,Coordenador,Marketing,Planejamento,Customer Success,Gerente,185675980,975.338.987-22,Viúvo(a),Economista,47,Não Binário,14/02/1980,Coach,Campeão,Testemunha,Time Financeiro
1170,,Marcos Rodrigues,Luiza Aduan,,Baixo,12/04/2024,,,,marcos.rodrigues@gmail.com,http://linkedin.com/in/marcosrodrigues,@marcosrodrigues,"Rua Tangará, 132",Telefone,Analista,Jurídico,Planejamento,Customer Success,Coordenador,787194506,804.670.324-97,Divorciado(a),Engenheiro,32,Masculino,15/02/1980,Coach,Admin,Testemunha,Responsável pelo Financeiro
5156,,Marcos Gomes,Rafael Giacomini,,Baixo,13/04/2024,,,,marcos.gomes@gmail.com,http://linkedin.com/in/marcosgomes,@marcosgomes,"Rua Tangará, 132",Telefone,Coordenador,Marketing,Desenvolvimento,Onboarding,Gerente,899925830,674.651.369-84,Viúvo(a),Gerente,43,Feminino,16/02/1980,Influenciador,Campeão,Testemunha,Time Financeiro
1797,,Pedro Silva,Rafael Giacomini,,Baixo,14/04/2024,,,,pedro.silva@gmail.com,http://linkedin.com/in/pedrosilva,@pedrosilva,"Rua Tangará, 132",E-mail,CEO,Gestão,Executivo,Onboarding,,668132202,357.666.981-11,Casado(a),Gerente,35,Não Binário,17/02/1980,Bloqueador,Campeão,Testemunha,Time Financeiro
54,,Luiz Pereira,Alexandre Bazzi,,Baixo,15/04/2024,,,,luiz.pereira@gmail.com,http://linkedin.com/in/luizpereira,@luizpereira,"Rua Tangará, 132",Telefone,Gerente,Tecnologia,Planejamento,Vendas,Head,786066793,619.723.303-29,Divorciado(a),Empreendedor,52,Não Binário,18/02/1980,Decisor,Usuário,Testemunha,Time Financeiro
5948,,João Santos,Luiza Aduan,,Alto,16/04/2024,,,,joão.santos@gmail.com,http://linkedin.com/in/joãosantos,@joãosantos,"Rua Tangará, 132",E-mail,C-Level,Tecnologia,Desenvolvimento,Customer Success,CEO,237859287,775.586.662-31,Divorciado(a),Gerente,56,Feminino,19/02/1980,Influenciador,Usuário,Testemunha,Sem Função de Faturamento
6538,,Marcos Rodrigues,Luiza Aduan,,Baixo,17/04/2024,,,,marcos.rodrigues@gmail.com,http://linkedin.com/in/marcosrodrigues,@marcosrodrigues,"Rua Tangará, 132",Whatsapp,Gerente,Marketing,Desenvolvimento,Customer Success,Head,168747287,446.121.702-80,Solteiro(a),Gerente,32,Masculino,20/02/1980,Decisor,Tomador de Decisão,Testemunha,Responsável pelo Financeiro
515,,Bruno Santos,Rafael Giacomini,,Alto,18/04/2024,,,,bruno.santos@gmail.com,http://linkedin.com/in/brunosantos,@brunosantos,"Rua Tangará, 132",Whatsapp,C-Level,Financeiro,Desenvolvimento,Onboarding,CEO,876693898,684.690.584-41,Viúvo(a),Administrador,30,Masculino,21/02/1980,Decisor,Tomador de Decisão,Testemunha,Time Financeiro
7652,,Antônia Alves,Alexandre Bazzi,,Alto,19/04/2024,,,,antônia.alves@gmail.com,http://linkedin.com/in/antôniaalves,@antôniaalves,"Rua Tangará, 132",Telefone,Coordenador,Marketing,Desenvolvimento,Vendas,Gerente,304235259,649.559.243-64,Solteiro(a),Economista,47,Masculino,22/02/1980,Decisor,Admin,Testemunha,Responsável pelo Financeiro
242,,Lucas Lima,Luiza Aduan,,Alto,20/04/2024,,,,lucas.lima@gmail.com,http://linkedin.com/in/lucaslima,@lucaslima,"Rua Tangará, 132",Whatsapp,Analista,Jurídico,Operações,Customer Success,Coordenador,276777762,488.102.499-43,Viúvo(a),Economista,45,Não Binário,23/02/1980,Coach,Campeão,Signatário,Time Financeiro
9490,,Marcos Silva,Luiza Aduan,,Baixo,21/04/2024,,,,marcos.silva@gmail.com,http://linkedin.com/in/marcossilva,@marcossilva,"Rua Tangará, 132",E-mail,Gerente,Financeiro,Executivo,Customer Success,Head,639931481,973.643.261-17,Separado(a),Engenheiro,29,Masculino,24/02/1980,Decisor,Usuário,Signatário,Time Financeiro
4034,,Gabriel Gomes,Rafael Giacomini,,Baixo,22/04/2024,,,,gabriel.gomes@gmail.com,http://linkedin.com/in/gabrielgomes,@gabrielgomes,"Rua Tangará, 132",Whatsapp,C-Level,Financeiro,Planejamento,Onboarding,CEO,379995032,309.785.833-50,Solteiro(a),Economista,43,Masculino,25/02/1980,Bloqueador,Admin,Testemunha,Responsável pelo Financeiro
9225,,João Pereira,Luiza Aduan,,Alto,23/04/2024,,,,joão.pereira@gmail.com,http://linkedin.com/in/joãopereira,@joãopereira,"Rua Tangará, 132",Telefone,Coordenador,Vendas,Operações,Vendas,Gerente,362298393,478.391.261-66,Separado(a),Economista,57,Não Binário,26/02/1980,Decisor,Usuário,Testemunha,Time Financeiro
4334,,Gabriel Oliveira,Rafael Giacomini,,Alto,24/04/2024,,,,gabriel.oliveira@gmail.com,http://linkedin.com/in/gabrieloliveira,@gabrieloliveira,"Rua Tangará, 132",Telefone,Analista,Marketing,Planejamento,Onboarding,Coordenador,642678844,600.357.966-16,Casado(a),Administrador,35,Masculino,27/02/1980,Decisor,Admin,Signatário,Sem Função de Faturamento
7240,,Carlos Oliveira,Alexandre Bazzi,,Baixo,25/04/2024,,,,carlos.oliveira@gmail.com,http://linkedin.com/in/carlosoliveira,@carlosoliveira,"Rua Tangará, 132",E-mail,Coordenador,Marketing,Operações,Vendas,Gerente,996139578,478.696.665-28,Viúvo(a),Empreendedor,20,Feminino,28/02/1980,Coach,Campeão,Testemunha,Responsável pelo Financeiro
5795,,Bruno Santos,Alexandre Bazzi,,Médio,26/04/2024,,,,bruno.santos@gmail.com,http://linkedin.com/in/brunosantos,@brunosantos,"Rua Tangará, 132",Telefone,CEO,Gestão,Executivo,Vendas,,292587044,854.440.901-62,Solteiro(a),Economista,28,Não Binário,29/02/1980,Decisor,Admin,Signatário,Time Financeiro
7542,,Bruno Souza,Luiza Aduan,,Médio,27/04/2024,,,,bruno.souza@gmail.com,http://linkedin.com/in/brunosouza,@brunosouza,"Rua Tangará, 132",Telefone,Diretor,Vendas,Planejamento,Customer Success,C-Level,174539964,891.385.459-92,Separado(a),Administrador,52,Feminino,01/03/1980,Decisor,Campeão,Testemunha,Responsável pelo Financeiro
627,,Patrícia Rodrigues,Luiza Aduan,,Baixo,28/04/2024,,,,patrícia.rodrigues@gmail.com,http://linkedin.com/in/patríciarodrigues,@patríciarodrigues,"Rua Tangará, 132",Whatsapp,Head,Financeiro,Operações,Customer Success,Diretor,513600440,690.294.360-15,Viúvo(a),Engenheiro,51,Não Binário,02/03/1980,Influenciador,Admin,Testemunha,Responsável pelo Financeiro
5144,,Maria Gomes,Rafael Giacomini,,Alto,29/04/2024,,,,maria.gomes@gmail.com,http://linkedin.com/in/mariagomes,@mariagomes,"Rua Tangará, 132",Whatsapp,Gerente,Jurídico,Planejamento,Onboarding,Head,695295870,230.296.530-95,Viúvo(a),Empreendedor,57,Não Binário,03/03/1980,Bloqueador,Admin,Testemunha,Responsável pelo Financeiro
3444,,Rafael Rodrigues,Rafael Giacomini,,Baixo,30/04/2024,,,,rafael.rodrigues@gmail.com,http://linkedin.com/in/rafaelrodrigues,@rafaelrodrigues,"Rua Tangará, 132",Whatsapp,Gerente,Financeiro,Executivo,Onboarding,Head,952266893,915.853.273-94,Casado(a),Economista,50,Não Binário,04/03/1980,Champion,Campeão,Signatário,Sem Função de Faturamento
3263,,Rafael Souza,Alexandre Bazzi,,Alto,01/05/2024,,,,rafael.souza@gmail.com,http://linkedin.com/in/rafaelsouza,@rafaelsouza,"Rua Tangará, 132",E-mail,Gerente,Jurídico,Desenvolvimento,Vendas,Head,871318048,813.493.606-61,Solteiro(a),Empreendedor,59,Não Binário,05/03/1980,Decisor,Campeão,Testemunha,Responsável pelo Financeiro
7612,,Luiz Lima,Luiza Aduan,,Baixo,02/05/2024,,,,luiz.lima@gmail.com,http://linkedin.com/in/luizlima,@luizlima,"Rua Tangará, 132",Whatsapp,C-Level,Jurídico,Planejamento,Customer Success,CEO,910943524,553.727.934-74,Viúvo(a),Gerente,46,Masculino,06/03/1980,Bloqueador,Admin,Testemunha,Responsável pelo Financeiro
7940,,Carlos Lima,Luiza Aduan,,Alto,03/05/2024,,,,carlos.lima@gmail.com,http://linkedin.com/in/carloslima,@carloslima,"Rua Tangará, 132",Telefone,Coordenador,Vendas,Planejamento,Customer Success,Gerente,443285529,653.182.241-29,Solteiro(a),Administrador,27,Não Binário,07/03/1980,Influenciador,Campeão,Testemunha,Time Financeiro
7634,,Maria Lima,Rafael Giacomini,,Alto,04/05/2024,,,,maria.lima@gmail.com,http://linkedin.com/in/marialima,@marialima,"Rua Tangará, 132",Whatsapp,Analista,Tecnologia,Executivo,Onboarding,Coordenador,612153089,106.460.405-59,Viúvo(a),Gerente,52,Não Binário,08/03/1980,Influenciador,Admin,Signatário,Time Financeiro
476,,Antônia Pereira,Alexandre Bazzi,,Médio,05/05/2024,,,,antônia.pereira@gmail.com,http://linkedin.com/in/antôniapereira,@antôniapereira,"Rua Tangará, 132",Whatsapp,Gerente,Financeiro,Operações,Vendas,Head,523076025,706.677.778-13,Casado(a),Administrador,26,Feminino,09/03/1980,Influenciador,Campeão,Testemunha,Time Financeiro
7450,,Maria Souza,Luiza Aduan,,Médio,06/05/2024,,,,maria.souza@gmail.com,http://linkedin.com/in/mariasouza,@mariasouza,"Rua Tangará, 132",Telefone,C-Level,Jurídico,Operações,Customer Success,CEO,904258674,652.153.458-38,Casado(a),Engenheiro,19,Masculino,10/03/1980,Influenciador,Campeão,Testemunha,Responsável pelo Financeiro
7759,,Bruno Oliveira,Alexandre Bazzi,,Alto,07/05/2024,,,,bruno.oliveira@gmail.com,http://linkedin.com/in/brunooliveira,@brunooliveira,"Rua Tangará, 132",Telefone,Gerente,Financeiro,Operações,Vendas,Head,935147672,938.267.418-23,Separado(a),Engenheiro,37,Não Binário,11/03/1980,Bloqueador,Admin,Testemunha,Responsável pelo Financeiro
3979,,Pedro Gomes,Alexandre Bazzi,,Baixo,08/05/2024,,,,pedro.gomes@gmail.com,http://linkedin.com/in/pedrogomes,@pedrogomes,"Rua Tangará, 132",E-mail,C-Level,Financeiro,Executivo,Vendas,CEO,810303128,479.170.618-92,Divorciado(a),Engenheiro,44,Feminino,12/03/1980,Decisor,Admin,Testemunha,Sem Função de Faturamento
7136,,Adriana Oliveira,Luiza Aduan,,Baixo,09/05/2024,,,,adriana.oliveira@gmail.com,http://linkedin.com/in/adrianaoliveira,@adrianaoliveira,"Rua Tangará, 132",Whatsapp,Coordenador,Jurídico,Planejamento,Customer Success,Gerente,446071904,972.351.950-21,Divorciado(a),Administrador,33,Feminino,13/03/1980,Bloqueador,Admin,Signatário,Time Financeiro
7989,,Maria Oliveira,Luiza Aduan,,Médio,10/05/2024,,,,maria.oliveira@gmail.com,http://linkedin.com/in/mariaoliveira,@mariaoliveira,"Rua Tangará, 132",Telefone,Gerente,Tecnologia,Desenvolvimento,Customer Success,Head,191926217,347.837.516-72,Separado(a),Empreendedor,35,Não Binário,14/03/1980,Coach,Admin,Signatário,Responsável pelo Financeiro
6626,,Rafael Souza,Rafael Giacomini,,Alto,11/05/2024,,,,rafael.souza@gmail.com,http://linkedin.com/in/rafaelsouza,@rafaelsouza,"Rua Tangará, 132",Whatsapp,C-Level,Financeiro,Planejamento,Onboarding,CEO,556881239,863.663.438-55,Viúvo(a),Economista,37,Feminino,15/03/1980,Influenciador,Campeão,Testemunha,Responsável pelo Financeiro
8780,,Maria Santos,Rafael Giacomini,,Alto,12/05/2024,,,,maria.santos@gmail.com,http://linkedin.com/in/mariasantos,@mariasantos,"Rua Tangará, 132",Telefone,Coordenador,Financeiro,Planejamento,Onboarding,Gerente,207939087,952.298.403-39,Divorciado(a),Empreendedor,37,Masculino,16/03/1980,Influenciador,Admin,Signatário,Responsável pelo Financeiro
2069,,Fernanda Rodrigues,Alexandre Bazzi,,Médio,13/05/2024,,,,fernanda.rodrigues@gmail.com,http://linkedin.com/in/fernandarodrigues,@fernandarodrigues,"Rua Tangará, 132",Telefone,Analista,Jurídico,Executivo,Vendas,Coordenador,465830215,288.152.358-71,Casado(a),Engenheiro,43,Feminino,17/03/1980,Decisor,Usuário,Testemunha,Sem Função de Faturamento
2445,,Lucas Oliveira,Luiza Aduan,,Médio,14/05/2024,,,,lucas.oliveira@gmail.com,http://linkedin.com/in/lucasoliveira,@lucasoliveira,"Rua Tangará, 132",Whatsapp,Gerente,Financeiro,Desenvolvimento,Customer Success,Head,932894596,635.489.561-66,Divorciado(a),Gerente,45,Feminino,18/03/1980,Decisor,Tomador de Decisão,Testemunha,Responsável pelo Financeiro
4336,,Marcos Souza,Luiza Aduan,,Alto,15/05/2024,,,,marcos.souza@gmail.com,http://linkedin.com/in/marcossouza,@marcossouza,"Rua Tangará, 132",E-mail,C-Level,Tecnologia,Executivo,Customer Success,CEO,583724666,805.708.581-47,Casado(a),Empreendedor,36,Não Binário,19/03/1980,Coach,Usuário,Testemunha,Responsável pelo Financeiro
9664,,Bruno Rodrigues,Rafael Giacomini,,Alto,16/05/2024,,,,bruno.rodrigues@gmail.com,http://linkedin.com/in/brunorodrigues,@brunorodrigues,"Rua Tangará, 132",Telefone,Coordenador,Vendas,Desenvolvimento,Onboarding,Gerente,176675731,161.269.911-49,Separado(a),Gerente,35,Feminino,20/03/1980,Decisor,Admin,Testemunha,Time Financeiro
8200,,Francisca Rodrigues,Alexandre Bazzi,,Médio,17/05/2024,,,,francisca.rodrigues@gmail.com,http://linkedin.com/in/franciscarodrigues,@franciscarodrigues,"Rua Tangará, 132",Whatsapp,Analista,Financeiro,Planejamento,Vendas,Coordenador,127772220,193.334.790-83,Separado(a),Engenheiro,"35,4",Não Binário,21/03/1980,Decisor,Campeão,Testemunha,Sem Função de Faturamento
2974,,Adriana Rodrigues,Luiza Aduan,,Médio,18/05/2024,,,,adriana.rodrigues@gmail.com,http://linkedin.com/in/adrianarodrigues,@adrianarodrigues,"Rua Tangará, 132",Whatsapp,Coordenador,Jurídico,Planejamento,Customer Success,Gerente,444733679,786.207.978-30,Divorciado(a),Administrador,49,Feminino,22/03/1980,Coach,Tomador de Decisão,Signatário,Time Financeiro
4136,,Pedro Ferreira,Luiza Aduan,,Alto,19/05/2024,,,,pedro.ferreira@gmail.com,http://linkedin.com/in/pedroferreira,@pedroferreira,"Rua Tangará, 132",E-mail,Gerente,Jurídico,Executivo,Customer Success,Head,158201193,292.630.470-89,Viúvo(a),Administrador,21,Masculino,23/03/1980,Coach,Usuário,Signatário,Time Financeiro
1990,,Adriana Pereira,Alexandre Bazzi,,Baixo,20/05/2024,,,,adriana.pereira@gmail.com,http://linkedin.com/in/adrianapereira,@adrianapereira,"Rua Tangará, 132",Telefone,C-Level,Tecnologia,Executivo,Vendas,CEO,200082623,330.961.216-69,Casado(a),Empreendedor,49,Não Binário,24/03/1980,Coach,Tomador de Decisão,Testemunha,Time Financeiro
7737,,Antônia Pereira,Alexandre Bazzi,,Médio,21/05/2024,,,,antônia.pereira@gmail.com,http://linkedin.com/in/antôniapereira,@antôniapereira,"Rua Tangará, 132",Telefone,Gerente,Vendas,Executivo,Vendas,Head,464938258,906.619.373-10,Divorciado(a),Economista,55,Não Binário,25/03/1980,Bloqueador,Campeão,Testemunha,Sem Função de Faturamento
5447,,Juliana Ferreira,Luiza Aduan,,Baixo,22/05/2024,,,,juliana.ferreira@gmail.com,http://linkedin.com/in/julianaferreira,@julianaferreira,"Rua Tangará, 132",Telefone,C-Level,Financeiro,Executivo,Customer Success,CEO,350785761,976.894.520-15,Divorciado(a),Administrador,42,Feminino,26/03/1980,Influenciador,Admin,Signatário,Responsável pelo Financeiro
5440,,Márcia Gomes,Luiza Aduan,,Médio,23/05/2024,,,,márcia.gomes@gmail.com,http://linkedin.com/in/márciagomes,@márciagomes,"Rua Tangará, 132",E-mail,Gerente,Jurídico,Desenvolvimento,Customer Success,Head,180346223,580.900.371-53,Separado(a),Administrador,59,Masculino,27/03/1980,Bloqueador,Tomador de Decisão,Testemunha,Time Financeiro
8865,,Maria Pereira,Rafael Giacomini,,Baixo,24/05/2024,,,,maria.pereira@gmail.com,http://linkedin.com/in/mariapereira,@mariapereira,"Rua Tangará, 132",Telefone,C-Level,Jurídico,Operações,Onboarding,CEO,916440738,748.820.993-22,Viúvo(a),Empreendedor,37,Masculino,28/03/1980,Decisor,Admin,Signatário,Time Financeiro
7057,,Ana Ferreira,Rafael Giacomini,,Alto,25/05/2024,,,,ana.ferreira@gmail.com,http://linkedin.com/in/anaferreira,@anaferreira,"Rua Tangará, 132",Telefone,Gerente,Tecnologia,Executivo,Onboarding,Head,765408938,799.346.609-84,Solteiro(a),Empreendedor,47,Não Binário,29/03/1980,Bloqueador,Admin,Testemunha,Sem Função de Faturamento
4713,,João Pereira,Alexandre Bazzi,,Baixo,26/05/2024,,,,joão.pereira@gmail.com,http://linkedin.com/in/joãopereira,@joãopereira,"Rua Tangará, 132",Telefone,C-Level,Vendas,Executivo,Vendas,CEO,841218491,356.567.965-48,Solteiro(a),Administrador,48,Masculino,30/03/1980,Influenciador,Admin,Testemunha,Time Financeiro
4838,,Patrícia Rodrigues,Luiza Aduan,,Baixo,27/05/2024,,,,patrícia.rodrigues@gmail.com,http://linkedin.com/in/patríciarodrigues,@patríciarodrigues,"Rua Tangará, 132",E-mail,Gerente,Jurídico,Planejamento,Customer Success,Head,932945529,918.335.721-55,Solteiro(a),Empreendedor,57,Feminino,31/03/1980,Influenciador,Tomador de Decisão,Signatário,Sem Função de Faturamento
7223,,Lucas Rodrigues,Luiza Aduan,,Baixo,28/05/2024,,,,lucas.rodrigues@gmail.com,http://linkedin.com/in/lucasrodrigues,@lucasrodrigues,"Rua Tangará, 132",E-mail,Gerente,Vendas,Executivo,Customer Success,Head,288592093,305.235.905-79,Divorciado(a),Gerente,50,Feminino,01/04/1980,Influenciador,Admin,Testemunha,Time Financeiro
7674,,Maria Santos,Rafael Giacomini,,Alto,29/05/2024,,,,maria.santos@gmail.com,http://linkedin.com/in/mariasantos,@mariasantos,"Rua Tangará, 132",Telefone,Gerente,Jurídico,Operações,Onboarding,Head,383960237,649.226.565-57,Divorciado(a),Gerente,42,Não Binário,02/04/1980,Bloqueador,Campeão,Testemunha,Responsável pelo Financeiro
9199,,Juliana Silva,Alexandre Bazzi,,Baixo,30/05/2024,,,,juliana.silva@gmail.com,http://linkedin.com/in/julianasilva,@julianasilva,"Rua Tangará, 132",Whatsapp,C-Level,Jurídico,Operações,Vendas,CEO,250084428,146.138.411-73,Casado(a),Engenheiro,33,Não Binário,03/04/1980,Influenciador,Admin,Testemunha,Time Financeiro
9623,,Fernanda Alves,Luiza Aduan,,Baixo,31/05/2024,,,,fernanda.alves@gmail.com,http://linkedin.com/in/fernandaalves,@fernandaalves,"Rua Tangará, 132",E-mail,Coordenador,Financeiro,Executivo,Customer Success,Gerente,400368694,133.806.479-37,Viúvo(a),Administrador,33,Feminino,04/04/1980,Decisor,Tomador de Decisão,Testemunha,Sem Função de Faturamento
6524,,Ana Silva,Luiza Aduan,,Alto,01/06/2024,,,,ana.silva@gmail.com,http://linkedin.com/in/anasilva,@anasilva,"Rua Tangará, 132",E-mail,Analista,Financeiro,Operações,Customer Success,Coordenador,154308262,905.441.349-26,Separado(a),Empreendedor,22,Não Binário,05/04/1980,Influenciador,Usuário,Signatário,Responsável pelo Financeiro
9765,,Maria Oliveira,Rafael Giacomini,,Médio,02/06/2024,,,,maria.oliveira@gmail.com,http://linkedin.com/in/mariaoliveira,@mariaoliveira,"Rua Tangará, 132",Telefone,Coordenador,Tecnologia,Operações,Onboarding,Gerente,241522640,115.466.908-40,Separado(a),Economista,19,Masculino,06/04/1980,Bloqueador,Campeão,Signatário,Sem Função de Faturamento
1863,,Antônia Lima,Luiza Aduan,,Alto,03/06/2024,,,,antônia.lima@gmail.com,http://linkedin.com/in/antônialima,@antônialima,"Rua Tangará, 132",E-mail,Gerente,Financeiro,Desenvolvimento,Vendas,Head,760465943,144.844.902-94,Separado(a),Economista,47,Não Binário,07/04/1980,Decisor,Campeão,Testemunha,Time Financeiro
8033,,Antônia Santos,Rafael Giacomini,,Médio,04/06/2024,,,,antônia.santos@gmail.com,http://linkedin.com/in/antôniasantos,@antôniasantos,"Rua Tangará, 132",Telefone,C-Level,Marketing,Operações,Onboarding,CEO,235497187,381.739.748-84,Separado(a),Economista,42,Não Binário,08/04/1980,Bloqueador,Admin,Testemunha,Sem Função de Faturamento
1875,,Antônia Santos,Alexandre Bazzi,,Baixo,05/06/2024,,,,antônia.santos@gmail.com,http://linkedin.com/in/antôniasantos,@antôniasantos,"Rua Tangará, 132",Telefone,Coordenador,Vendas,Executivo,Vendas,Gerente,528133274,525.847.197-50,Viúvo(a),Economista,60,Feminino,09/04/1980,Bloqueador,Campeão,Testemunha,Time Financeiro
1399,,Pedro Santos,Alexandre Bazzi,,Médio,06/06/2024,,,,pedro.santos@gmail.com,http://linkedin.com/in/pedrosantos,@pedrosantos,"Rua Tangará, 132",Telefone,Analista,Tecnologia,Planejamento,Vendas,Coordenador,819421270,225.520.462-95,Viúvo(a),Engenheiro,36,Não Binário,09/04/1990,Bloqueador,Admin,Signatário,Sem Função de Faturamento
2536,,Márcia Souza,Luiza Aduan,,Médio,07/06/2024,,,,márcia.souza@gmail.com,http://linkedin.com/in/márciasouza,@márciasouza,"Rua Tangará, 132",Telefone,Coordenador,Vendas,Operações,Customer Success,Gerente,918841563,385.687.331-64,Separado(a),Gerente,57,Não Binário,10/04/1990,Decisor,Usuário,Testemunha,Sem Função de Faturamento
2956,,Carlos Silva,Luiza Aduan,,Baixo,08/06/2024,,,,carlos.silva@gmail.com,http://linkedin.com/in/carlossilva,@carlossilva,"Rua Tangará, 132",Telefone,CEO,Gestão,Executivo,Customer Success,,708082645,773.510.171-28,Casado(a),Engenheiro,51,Masculino,11/04/1990,Bloqueador,Admin,Testemunha,Time Financeiro
5106,,Luiz Ferreira,Rafael Giacomini,,Médio,09/06/2024,,,,luiz.ferreira@gmail.com,http://linkedin.com/in/luizferreira,@luizferreira,"Rua Tangará, 132",Telefone,Diretor,Financeiro,Operações,Onboarding,C-Level,823668399,183.378.553-94,Viúvo(a),Administrador,56,Feminino,12/04/1990,Champion,Admin,Signatário,Sem Função de Faturamento
7044,,Gabriel Ferreira,Rafael Giacomini,,Médio,10/06/2024,,,,gabriel.ferreira@gmail.com,http://linkedin.com/in/gabrielferreira,@gabrielferreira,"Rua Tangará, 132",E-mail,Head,Jurídico,Operações,Onboarding,Diretor,108253947,309.408.316-27,Divorciado(a),Economista,38,Masculino,13/04/1990,Decisor,Admin,Testemunha,Time Financeiro
6230,,Luiz Oliveira,Alexandre Bazzi,,Baixo,11/06/2024,,,,luiz.oliveira@gmail.com,http://linkedin.com/in/luizoliveira,@luizoliveira,"Rua Tangará, 132",E-mail,Gerente,Tecnologia,Executivo,Vendas,Head,120123575,570.179.982-50,Separado(a),Administrador,54,Feminino,14/04/1990,Bloqueador,Admin,Signatário,Time Financeiro
2816,,João Ferreira,Alexandre Bazzi,,Médio,12/06/2024,,,,joão.ferreira@gmail.com,http://linkedin.com/in/joãoferreira,@joãoferreira,"Rua Tangará, 132",E-mail,C-Level,Jurídico,Executivo,Vendas,CEO,662600500,180.505.991-49,Divorciado(a),Empreendedor,39,Masculino,15/04/1990,Decisor,Usuário,Testemunha,Responsável pelo Financeiro
3177,,Márcia Lima,Luiza Aduan,,Médio,13/06/2024,,,,márcia.lima@gmail.com,http://linkedin.com/in/márcialima,@márcialima,"Rua Tangará, 132",Telefone,Coordenador,Marketing,Desenvolvimento,Customer Success,Gerente,746820987,256.878.877-93,Casado(a),Empreendedor,58,Feminino,16/04/1990,Champion,Usuário,Testemunha,Time Financeiro
5296,,Patrícia Gomes,Luiza Aduan,,Médio,14/06/2024,,,,patrícia.gomes@gmail.com,http://linkedin.com/in/patríciagomes,@patríciagomes,"Rua Tangará, 132",Whatsapp,Analista,Vendas,Planejamento,Customer Success,Coordenador,735032128,157.460.619-19,Divorciado(a),Administrador,46,Masculino,17/04/1990,Decisor,Admin,Testemunha,Responsável pelo Financeiro
9734,,Pedro Gomes,Rafael Giacomini,,Médio,15/06/2024,,,,pedro.gomes@gmail.com,http://linkedin.com/in/pedrogomes,@pedrogomes,"Rua Tangará, 132",Whatsapp,Coordenador,Marketing,Planejamento,Onboarding,Gerente,749620068,587.613.254-17,Viúvo(a),Engenheiro,39,Não Binário,18/04/1990,Decisor,Usuário,Testemunha,Responsável pelo Financeiro
7173,,Lucas Souza,Rafael Giacomini,,Baixo,16/06/2024,,,,lucas.souza@gmail.com,http://linkedin.com/in/lucassouza,@lucassouza,"Rua Tangará, 132",Telefone,CEO,Gestão,Executivo,Onboarding,,538912794,893.446.795-86,Casado(a),Economista,22,Feminino,19/04/1990,Decisor,Usuário,Testemunha,Time Financeiro
9875,,Rafael Rodrigues,Alexandre Bazzi,,Médio,17/06/2024,,,,rafael.rodrigues@gmail.com,http://linkedin.com/in/rafaelrodrigues,@rafaelrodrigues,"Rua Tangará, 132",Telefone,Diretor,Jurídico,Desenvolvimento,Vendas,C-Level,738920648,825.186.417-81,Viúvo(a),Economista,26,Não Binário,20/04/1990,Decisor,Usuário,Testemunha,Time Financeiro
299,,Márcia Ferreira,Luiza Aduan,,Médio,18/06/2024,,,,márcia.ferreira@gmail.com,http://linkedin.com/in/márciaferreira,@márciaferreira,"Rua Tangará, 132",Telefone,Head,Marketing,Desenvolvimento,Customer Success,Diretor,247709679,258.179.402-22,Separado(a),Gerente,51,Masculino,21/04/1990,Champion,Usuário,Signatário,Sem Função de Faturamento
2659,,Francisca Oliveira,Luiza Aduan,,Baixo,19/06/2024,,,,francisca.oliveira@gmail.com,http://linkedin.com/in/franciscaoliveira,@franciscaoliveira,"Rua Tangará, 132",E-mail,Gerente,Vendas,Desenvolvimento,Customer Success,Head,576954730,725.391.870-67,Solteiro(a),Gerente,33,Feminino,22/04/1990,Champion,Campeão,Testemunha,Sem Função de Faturamento
7565,,Patrícia Pereira,Alexandre Bazzi,,Médio,20/06/2024,,,,patrícia.pereira@gmail.com,http://linkedin.com/in/patríciapereira,@patríciapereira,"Rua Tangará, 132",Telefone,C-Level,Financeiro,Desenvolvimento,Vendas,CEO,368438908,153.756.592-57,Separado(a),Engenheiro,51,Masculino,23/04/1990,Bloqueador,Campeão,Signatário,Time Financeiro
2415,,Adriana Lima,Alexandre Bazzi,,Alto,21/06/2024,,,,adriana.lima@gmail.com,http://linkedin.com/in/adrianalima,@adrianalima,"Rua Tangará, 132",Telefone,Coordenador,Jurídico,Operações,Vendas,Gerente,525689202,614.482.341-59,Casado(a),Economista,32,Masculino,24/04/1990,Bloqueador,Campeão,Testemunha,Sem Função de Faturamento
2255,,Maria Oliveira,Luiza Aduan,,Médio,22/06/2024,,,,maria.oliveira@gmail.com,http://linkedin.com/in/mariaoliveira,@mariaoliveira,"Rua Tangará, 132",Whatsapp,Gerente,Financeiro,Operações,Customer Success,Head,185068029,119.362.320-29,Separado(a),Gerente,51,Feminino,25/04/1990,Decisor,Admin,Signatário,Time Financeiro
3907,,Gabriel Silva,Luiza Aduan,,Baixo,23/06/2024,,,,gabriel.silva@gmail.com,http://linkedin.com/in/gabrielsilva,@gabrielsilva,"Rua Tangará, 132",Whatsapp,C-Level,Financeiro,Operações,Customer Success,CEO,778556450,627.688.347-28,Divorciado(a),Administrador,18,Não Binário,26/04/1990,Champion,Campeão,Testemunha,Time Financeiro
8577,,Luiz Santos,Rafael Giacomini,,Alto,24/06/2024,,,,luiz.santos@gmail.com,http://linkedin.com/in/luizsantos,@luizsantos,"Rua Tangará, 132",E-mail,Coordenador,Jurídico,Operações,Onboarding,Gerente,782546314,496.482.359-12,Divorciado(a),Engenheiro,40,Masculino,27/04/1990,Decisor,Usuário,Testemunha,Time Financeiro
5773,,Matheus Silva,Rafael Giacomini,,Médio,25/06/2024,,,,matheus.silva@gmail.com,http://linkedin.com/in/matheussilva,@matheussilva,"Rua Tangará, 132",Whatsapp,Analista,Marketing,Operações,Onboarding,Coordenador,868847524,894.568.137-47,Solteiro(a),Engenheiro,30,Masculino,28/04/1990,Champion,Admin,Testemunha,Time Financeiro
4151,,Fernanda Pereira,Alexandre Bazzi,,Baixo,26/06/2024,,,,fernanda.pereira@gmail.com,http://linkedin.com/in/fernandapereira,@fernandapereira,"Rua Tangará, 132",E-mail,Coordenador,Vendas,Operações,Vendas,Gerente,958287383,476.547.509-66,Viúvo(a),Economista,29,Feminino,29/04/1990,Champion,Admin,Testemunha,Time Financeiro
1294,,Pedro Alves,Luiza Aduan,,Baixo,27/06/2024,,,,pedro.alves@gmail.com,http://linkedin.com/in/pedroalves,@pedroalves,"Rua Tangará, 132",Telefone,CEO,Gestão,Executivo,Customer Success,,809656613,402.413.556-87,Viúvo(a),Empreendedor,46,Feminino,30/04/1990,Champion,Campeão,Testemunha,Time Financeiro
4499,,Aline Alves,Luiza Aduan,,Alto,28/06/2024,,,,aline.alves@gmail.com,http://linkedin.com/in/alinealves,@alinealves,"Rua Tangará, 132",Telefone,Diretor,Marketing,Operações,Customer Success,C-Level,253308283,969.722.794-66,Casado(a),Empreendedor,22,Masculino,01/05/1990,Bloqueador,Admin,Testemunha,Sem Função de Faturamento
2514,,Lucas Gomes,Rafael Giacomini,,Médio,29/06/2024,,,,lucas.gomes@gmail.com,http://linkedin.com/in/lucasgomes,@lucasgomes,"Rua Tangará, 132",E-mail,Head,Marketing,Planejamento,Onboarding,Diretor,527385805,421.765.385-41,Casado(a),Engenheiro,29,Feminino,02/05/1990,Bloqueador,Usuário,Signatário,Time Financeiro
3516,,Carlos Pereira,Alexandre Bazzi,,Médio,30/06/2024,,,,carlos.pereira@gmail.com,http://linkedin.com/in/carlospereira,@carlospereira,"Rua Tangará, 132",Telefone,Gerente,Jurídico,Desenvolvimento,Vendas,Head,865975088,555.189.929-97,Divorciado(a),Economista,22,Não Binário,03/05/1990,Bloqueador,Admin,Signatário,Sem Função de Faturamento
8336,,Luiz Ferreira,Luiza Aduan,,Alto,01/07/2024,,,,luiz.ferreira@gmail.com,http://linkedin.com/in/luizferreira,@luizferreira,"Rua Tangará, 132",Telefone,C-Level,Tecnologia,Planejamento,Customer Success,CEO,694875990,686.477.578-80,Solteiro(a),Gerente,23,Masculino,04/05/1990,Bloqueador,Admin,Testemunha,Sem Função de Faturamento
6731,,Juliana Lima,Luiza Aduan,,Baixo,02/07/2024,,,,juliana.lima@gmail.com,http://linkedin.com/in/julianalima,@julianalima,"Rua Tangará, 132",E-mail,Coordenador,Jurídico,Planejamento,Customer Success,Gerente,237798236,999.948.898-80,Separado(a),Empreendedor,26,Feminino,05/05/1990,Decisor,Campeão,Testemunha,Responsável pelo Financeiro
2654,,Rafael Oliveira,Rafael Giacomini,,Baixo,03/07/2024,,,,rafael.oliveira@gmail.com,http://linkedin.com/in/rafaeloliveira,@rafaeloliveira,"Rua Tangará, 132",Telefone,Analista,Vendas,Desenvolvimento,Onboarding,Coordenador,781887358,664.381.228-90,Divorciado(a),Gerente,52,Masculino,06/05/1990,Influenciador,Usuário,Testemunha,Responsável pelo Financeiro
9915,,Luiz Gomes,Luiza Aduan,,Baixo,04/07/2024,,,,luiz.gomes@gmail.com,http://linkedin.com/in/luizgomes,@luizgomes,"Rua Tangará, 132",E-mail,Coordenador,Financeiro,Planejamento,Vendas,Gerente,799145494,315.885.685-63,Separado(a),Engenheiro,49,Não Binário,07/05/1990,Bloqueador,Usuário,Testemunha,Time Financeiro
4874,,Bruno Alves,Alexandre Bazzi,,Alto,05/07/2024,,,,bruno.alves@gmail.com,http://linkedin.com/in/brunoalves,@brunoalves,"Rua Tangará, 132",Whatsapp,CEO,Gestão,Executivo,Vendas,,465278987,721.247.420-50,Divorciado(a),Administrador,26,Feminino,08/05/1990,Decisor,Admin,Signatário,Time Financeiro
7367,,Gabriel Rodrigues,Alexandre Bazzi,,Alto,06/07/2024,,,,gabriel.rodrigues@gmail.com,http://linkedin.com/in/gabrielrodrigues,@gabrielrodrigues,"Rua Tangará, 132",Whatsapp,Diretor,Jurídico,Desenvolvimento,Vendas,C-Level,271476207,933.435.691-50,Solteiro(a),Empreendedor,49,Não Binário,09/05/1990,Bloqueador,Admin,Testemunha,Time Financeiro
6443,,João Santos,Luiza Aduan,,Médio,07/07/2024,,,,joão.santos@gmail.com,http://linkedin.com/in/joãosantos,@joãosantos,"Rua Tangará, 132",E-mail,Head,Vendas,Executivo,Customer Success,Diretor,741580895,963.769.788-70,Divorciado(a),Gerente,18,Masculino,10/05/1990,Bloqueador,Campeão,Testemunha,Sem Função de Faturamento
5996,,Ana Alves,Luiza Aduan,,Médio,08/07/2024,,,,ana.alves@gmail.com,http://linkedin.com/in/anaalves,@anaalves,"Rua Tangará, 132",Telefone,Gerente,Vendas,Operações,Customer Success,Head,514838889,616.561.882-80,Divorciado(a),Gerente,57,Masculino,11/05/1990,Influenciador,Campeão,Testemunha,Time Financeiro
5991,,Maria Lima,Rafael Giacomini,,Alto,09/07/2024,,,,maria.lima@gmail.com,http://linkedin.com/in/marialima,@marialima,"Rua Tangará, 132",E-mail,Coordenador,Tecnologia,Desenvolvimento,Onboarding,Gerente,866213410,441.923.585-76,Viúvo(a),Empreendedor,56,Não Binário,12/05/1990,Influenciador,Admin,Testemunha,Time Financeiro
4903,,Luiz Alves,Rafael Giacomini,,Médio,10/07/2024,,,,luiz.alves@gmail.com,http://linkedin.com/in/luizalves,@luizalves,"Rua Tangará, 132",Whatsapp,Gerente,Vendas,Executivo,Onboarding,Head,975903641,117.477.439-96,Casado(a),Administrador,55,Feminino,13/05/1990,Decisor,Usuário,Testemunha,Time Financeiro
3729,,Patrícia Gomes,Alexandre Bazzi,,Alto,11/07/2024,,,,patrícia.gomes@gmail.com,http://linkedin.com/in/patríciagomes,@patríciagomes,"Rua Tangará, 132",Whatsapp,Gerente,Marketing,Operações,Vendas,Head,714792641,817.212.295-12,Viúvo(a),Economista,44,Masculino,14/05/1990,Bloqueador,Usuário,Signatário,Time Financeiro
7727,,Márcia Gomes,Alexandre Bazzi,,Baixo,12/07/2024,,,,márcia.gomes@gmail.com,http://linkedin.com/in/márciagomes,@márciagomes,"Rua Tangará, 132",Telefone,C-Level,Vendas,Executivo,Vendas,CEO,664226794,485.421.277-68,Separado(a),Economista,52,Feminino,15/05/1990,Bloqueador,Usuário,Testemunha,Responsável pelo Financeiro
9144,,Bruno Rodrigues,Luiza Aduan,,Alto,13/07/2024,,,,bruno.rodrigues@gmail.com,http://linkedin.com/in/brunorodrigues,@brunorodrigues,"Rua Tangará, 132",Telefone,Coordenador,Vendas,Executivo,Customer Success,Gerente,474524558,673.914.838-45,Divorciado(a),Engenheiro,54,Não Binário,16/05/1990,Bloqueador,Admin,Testemunha,Responsável pelo Financeiro
4713,,Rafael Silva,Luiza Aduan,,Alto,14/07/2024,,,,rafael.silva@gmail.com,http://linkedin.com/in/rafaelsilva,@rafaelsilva,"Rua Tangará, 132",Telefone,Analista,Marketing,Desenvolvimento,Customer Success,Coordenador,989006374,651.377.675-99,Divorciado(a),Empreendedor,24,Não Binário,17/05/1990,Influenciador,Campeão,Signatário,Sem Função de Faturamento
3815,,Márcia Souza,Rafael Giacomini,,Alto,15/07/2024,,,,márcia.souza@gmail.com,http://linkedin.com/in/márciasouza,@márciasouza,"Rua Tangará, 132",E-mail,Coordenador,Tecnologia,Desenvolvimento,Onboarding,Gerente,536913550,768.999.587-71,Solteiro(a),Economista,38,Feminino,18/05/1990,Decisor,Campeão,Testemunha,Sem Função de Faturamento
612,,Bruno Lima,Alexandre Bazzi,,Médio,16/07/2024,,,,bruno.lima@gmail.com,http://linkedin.com/in/brunolima,@brunolima,"Rua Tangará, 132",Whatsapp,Gerente,Marketing,Planejamento,Vendas,Head,140229006,109.405.681-87,Casado(a),Economista,36,Feminino,19/05/1990,Bloqueador,Campeão,Testemunha,Time Financeiro
1846,,Carlos Souza,Alexandre Bazzi,,Alto,17/07/2024,,,,carlos.souza@gmail.com,http://linkedin.com/in/carlossouza,@carlossouza,"Rua Tangará, 132",Telefone,C-Level,Vendas,Planejamento,Vendas,CEO,709650444,790.875.297-32,Separado(a),Administrador,45,Não Binário,20/05/1990,Bloqueador,Campeão,Testemunha,Sem Função de Faturamento
