Id do registro,ID da Empresa,ID do Negócio,Nome do Contato,Responsável,Equipe,Nível de Relacionamento,Data de Criação,Atualizado em,Função de Compra,Função de Impacto,Função de Formalização,Assinante,Cargo,Departamento,Área,Equipe,Líder Direto,Telefone Fixo,Número de Celular,E-mail,URL do Linkedin,Instagram,Endereço,Canal Preferido,RG,CPF,Estado Civil,Profissão,Idade,Sexo,Data de Nascimento
4507,5507,6507,Gabriel Silva,Alexandre Bazzi,Vendas,Alto,"abril 9, 2024",04-09-2024,Coach,Campeão,Testemunha,Sem Função de Faturamento,Gerente,Jurídico,Operações,Operações,Head,+55 (11) 3000-3286,+55 (11) 99508-2679,gabriel.silva@gmail.com,http://linkedin.com/in/gabrielsilva,@gabrielsilva,"Rua Tangará, 132",E-mail,131994523,195.323.338-74,Separado(a),Engenheiro,20 anos,Masculino,12/02/1980
2616,3616,4616,Carlos Silva,Alexandre Bazzi,Vendas,Médio,"abril 10, 2024",04-10-2024,Bloqueador,Tomador de Decisão,Signatário,Time Financeiro,C-Level,Tecnologia,Operações,Operações,CEO,+55 (11) 3000-6574,+55 (11) 98569-3547,carlos.silva@gmail.com,http://linkedin.com/in/carlossilva,@carlossilva,"Rua Tangará, 132",Telefone,507943839,199.467.967-54,Separado(a),Economista,35 anos,Não Binário,13/02/1980
4804,5804,6804,Pedro Lima,Luiza Aduan,Customer Success,Baixo,"abril 11, 2024",04-11-2024,Coach,Campeão,Testemunha,Time Financeiro,Coordenador,Marketing,Planejamento,Planejamento,Gerente,+55 (11) 3000-6925,+55 (11) 99182-4150,pedro.lima@gmail.com,http://linkedin.com/in/pedrolima,@pedrolima,"Rua Tangará, 132",E-mail,185675980,975.338.987-22,Viúvo(a),Economista,47,Não Binário,14/02/1980
1170,2170,3170,Marcos Rodrigues,Luiza Aduan,Customer Success,Baixo,"abril 12, 2024",04-12-2024,Coach,Admin,Testemunha,Responsável pelo Financeiro,Analista,Jurídico,Planejamento,Planejamento,Coordenador,+55 (11) 3000-3803,+55 (11) 99093-5010,marcos.rodrigues@gmail.com,http://linkedin.com/in/marcosrodrigues,@marcosrodrigues,"Rua Tangará, 132",Telefone,787194506,804.670.324-97,Divorciado(a),Engenheiro,32,Masculino,15/02/1980
5156,6156,7156,Marcos Gomes,Rafael Giacomini,Onboarding,Baixo,"abril 13, 2024",04-13-2024,Influenciador,Campeão,Testemunha,Time Financeiro,Coordenador,Marketing,Desenvolvimento,Desenvolvimento,Gerente,+55 (11) 3000-9179,+55 (11) 98810-8517,marcos.gomes@gmail.com,http://linkedin.com/in/marcosgomes,@marcosgomes,"Rua Tangará, 132",Telefone,899925830,674.651.369-84,Viúvo(a),Gerente,43,Feminino,16/02/1980
1797,2797,3797,Pedro Silva,Rafael Giacomini,Onboarding,Baixo,"abril 14, 2024",04-14-2024,Bloqueador,Campeão,Testemunha,Time Financeiro,CEO,Gestão,Executivo,Executivo,,+55 (11) 3000-3621,+55 (11) 99622-7916,pedro.silva@gmail.com,http://linkedin.com/in/pedrosilva,@pedrosilva,"Rua Tangará, 132",E-mail,668132202,357.666.981-11,Casado(a),Gerente,35,Não Binário,17/02/1980
54,1054,2054,Luiz Pereira,Alexandre Bazzi,Vendas,Baixo,"abril 15, 2024",04-15-2024,Decisor,Usuário,Testemunha,Time Financeiro,Gerente,Tecnologia,Planejamento,Planejamento,Head,+55 (11) 3000-5315,+55 (11) 99990-9201,luiz.pereira@gmail.com,http://linkedin.com/in/luizpereira,@luizpereira,"Rua Tangará, 132",Telefone,786066793,619.723.303-29,Divorciado(a),Empreendedor,52,Não Binário,18/02/1980
5948,6948,7948,João Santos,Luiza Aduan,Customer Success,Alto,"abril 16, 2024",04-16-2024,Influenciador,Usuário,Testemunha,Sem Função de Faturamento,C-Level,Tecnologia,Desenvolvimento,Desenvolvimento,CEO,+55 (11) 3000-1949,+55 (11) 98493-2290,joão.santos@gmail.com,http://linkedin.com/in/joãosantos,@joãosantos,"Rua Tangará, 132",E-mail,237859287,775.586.662-31,Divorciado(a),Gerente,56,Feminino,19/02/1980
6538,7538,8538,Marcos Rodrigues,Luiza Aduan,Customer Success,Baixo,"abril 17, 2024",04-17-2024,Decisor,Tomador de Decisão,Testemunha,Responsável pelo Financeiro,Gerente,Marketing,Desenvolvimento,Desenvolvimento,Head,+55 (11) 3000-7118,+55 (11) 98897-9479,marcos.rodrigues@gmail.com,http://linkedin.com/in/marcosrodrigues,@marcosrodrigues,"Rua Tangará, 132",Whatsapp,168747287,446.121.702-80,Solteiro(a),Gerente,32,Masculino,20/02/1980
515,1515,2515,Bruno Santos,Rafael Giacomini,Onboarding,Alto,"abril 18, 2024",04-18-2024,Decisor,Tomador de Decisão,Testemunha,Time Financeiro,C-Level,Financeiro,Desenvolvimento,Desenvolvimento,CEO,+55 (11) 3000-9423,+55 (11) 98487-5562,bruno.santos@gmail.com,http://linkedin.com/in/brunosantos,@brunosantos,"Rua Tangará, 132",Whatsapp,876693898,684.690.584-41,Viúvo(a),Administrador,30,Masculino,21/02/1980
7652,8652,9652,Antônia Alves,Alexandre Bazzi,Vendas,Alto,"abril 19, 2024",04-19-2024,Decisor,Admin,Testemunha,Responsável pelo Financeiro,Coordenador,Marketing,Desenvolvimento,Desenvolvimento,Gerente,+55 (11) 3000-2612,+55 (11) 98124-7596,antônia.alves@gmail.com,http://linkedin.com/in/antôniaalves,@antôniaalves,"Rua Tangará, 132",Telefone,304235259,649.559.243-64,Solteiro(a),Economista,47,Masculino,22/02/1980
242,1242,2242,Lucas Lima,Luiza Aduan,Customer Success,Alto,"abril 20, 2024",04-20-2024,Coach,Campeão,Signatário,Time Financeiro,Analista,Jurídico,Operações,Operações,Coordenador,+55 (11) 3000-3724,+55 (11) 98832-8956,lucas.lima@gmail.com,http://linkedin.com/in/lucaslima,@lucaslima,"Rua Tangará, 132",Whatsapp,276777762,488.102.499-43,Viúvo(a),Economista,45,Não Binário,23/02/1980
9490,10490,11490,Marcos Silva,Luiza Aduan,Customer Success,Baixo,"abril 21, 2024",04-21-2024,Decisor,Usuário,Signatário,Time Financeiro,Gerente,Financeiro,Executivo,Executivo,Head,+55 (11) 3000-1998,+55 (11) 99531-6138,marcos.silva@gmail.com,http://linkedin.com/in/marcossilva,@marcossilva,"Rua Tangará, 132",E-mail,639931481,973.643.261-17,Separado(a),Engenheiro,29,Masculino,24/02/1980
4034,5034,6034,Gabriel Gomes,Rafael Giacomini,Onboarding,Baixo,"abril 22, 2024",04-22-2024,Bloqueador,Admin,Testemunha,Responsável pelo Financeiro,C-Level,Financeiro,Planejamento,Planejamento,CEO,+55 (11) 3000-1651,+55 (11) 99268-2343,gabriel.gomes@gmail.com,http://linkedin.com/in/gabrielgomes,@gabrielgomes,"Rua Tangará, 132",Whatsapp,379995032,309.785.833-50,Solteiro(a),Economista,43,Masculino,25/02/1980
9225,10225,11225,João Pereira,Luiza Aduan,Vendas,Alto,"abril 23, 2024",04-23-2024,Decisor,Usuário,Testemunha,Time Financeiro,Coordenador,Vendas,Operações,Operações,Gerente,+55 (11) 3000-9808,+55 (11) 98436-9288,joão.pereira@gmail.com,http://linkedin.com/in/joãopereira,@joãopereira,"Rua Tangará, 132",Telefone,362298393,478.391.261-66,Separado(a),Economista,57,Não Binário,26/02/1980
4334,5334,6334,Gabriel Oliveira,Rafael Giacomini,Onboarding,Alto,"abril 24, 2024",04-24-2024,Decisor,Admin,Signatário,Sem Função de Faturamento,Analista,Marketing,Planejamento,Planejamento,Coordenador,+55 (11) 3000-3546,+55 (11) 98557-5616,gabriel.oliveira@gmail.com,http://linkedin.com/in/gabrieloliveira,@gabrieloliveira,"Rua Tangará, 132",Telefone,642678844,600.357.966-16,Casado(a),Administrador,35,Masculino,27/02/1980
7240,8240,9240,Carlos Oliveira,Alexandre Bazzi,Vendas,Baixo,"abril 25, 2024",04-25-2024,Coach,Campeão,Testemunha,Responsável pelo Financeiro,Coordenador,Marketing,Operações,Operações,Gerente,+55 (11) 3000-8007,+55 (11) 99148-1158,carlos.oliveira@gmail.com,http://linkedin.com/in/carlosoliveira,@carlosoliveira,"Rua Tangará, 132",E-mail,996139578,478.696.665-28,Viúvo(a),Empreendedor,20,Feminino,28/02/1980
5795,6795,7795,Bruno Santos,Alexandre Bazzi,Vendas,Médio,"abril 26, 2024",04-26-2024,Decisor,Admin,Signatário,Time Financeiro,CEO,Gestão,Executivo,Executivo,,+55 (11) 3000-3532,+55 (11) 99895-4878,bruno.santos@gmail.com,http://linkedin.com/in/brunosantos,@brunosantos,"Rua Tangará, 132",Telefone,292587044,854.440.901-62,Solteiro(a),Economista,28,Não Binário,29/02/1980
7542,8542,9542,Bruno Souza,Luiza Aduan,Customer Success,Médio,"abril 27, 2024",04-27-2024,Decisor,Campeão,Testemunha,Responsável pelo Financeiro,Diretor,Vendas,Planejamento,Planejamento,C-Level,+55 (11) 3000-4728,+55 (11) 98456-1387,bruno.souza@gmail.com,http://linkedin.com/in/brunosouza,@brunosouza,"Rua Tangará, 132",Telefone,174539964,891.385.459-92,Separado(a),Administrador,52,Feminino,01/03/1980
627,1627,2627,Patrícia Rodrigues,Luiza Aduan,Customer Success,Baixo,"abril 28, 2024",04-28-2024,Influenciador,Admin,Testemunha,Responsável pelo Financeiro,Head,Financeiro,Operações,Operações,Diretor,+55 (11) 3000-8119,+55 (11) 98707-6139,patrícia.rodrigues@gmail.com,http://linkedin.com/in/patríciarodrigues,@patríciarodrigues,"Rua Tangará, 132",Whatsapp,513600440,690.294.360-15,Viúvo(a),Engenheiro,51,Não Binário,02/03/1980
5144,6144,7144,Maria Gomes,Rafael Giacomini,Onboarding,Alto,"abril 29, 2024",04-29-2024,Bloqueador,Admin,Testemunha,Responsável pelo Financeiro,Gerente,Jurídico,Planejamento,Planejamento,Head,+55 (11) 3000-5920,+55 (11) 99038-6067,maria.gomes@gmail.com,http://linkedin.com/in/mariagomes,@mariagomes,"Rua Tangará, 132",Whatsapp,695295870,230.296.530-95,Viúvo(a),Empreendedor,57,Não Binário,03/03/1980
3444,4444,5444,Rafael Rodrigues,Rafael Giacomini,Onboarding,Baixo,"abril 30, 2024",04-30-2024,Champion,Campeão,Signatário,Sem Função de Faturamento,Gerente,Financeiro,Executivo,Executivo,Head,+55 (11) 3000-6279,+55 (11) 98952-8238,rafael.rodrigues@gmail.com,http://linkedin.com/in/rafaelrodrigues,@rafaelrodrigues,"Rua Tangará, 132",Whatsapp,952266893,915.853.273-94,Casado(a),Economista,50,Não Binário,04/03/1980
3263,4263,5263,Rafael Souza,Alexandre Bazzi,Vendas,Alto,"maio 1, 2024",05-01-2024,Decisor,Campeão,Testemunha,Responsável pelo Financeiro,Gerente,Jurídico,Desenvolvimento,Desenvolvimento,Head,+55 (11) 3000-1757,+55 (11) 98501-8784,rafael.souza@gmail.com,http://linkedin.com/in/rafaelsouza,@rafaelsouza,"Rua Tangará, 132",E-mail,871318048,813.493.606-61,Solteiro(a),Empreendedor,59,Não Binário,05/03/1980
7612,8612,9612,Luiz Lima,Luiza Aduan,Customer Success,Baixo,"maio 2, 2024",05-02-2024,Bloqueador,Admin,Testemunha,Responsável pelo Financeiro,C-Level,Jurídico,Planejamento,Planejamento,CEO,+55 (11) 3000-5082,+55 (11) 99878-2988,luiz.lima@gmail.com,http://linkedin.com/in/luizlima,@luizlima,"Rua Tangará, 132",Whatsapp,910943524,553.727.934-74,Viúvo(a),Gerente,46,Masculino,06/03/1980
7940,8940,9940,Carlos Lima,Luiza Aduan,Customer Success,Alto,"maio 3, 2024",05-03-2024,Influenciador,Campeão,Testemunha,Time Financeiro,Coordenador,Vendas,Planejamento,Planejamento,Gerente,+55 (11) 3000-5499,+55 (11) 98900-2269,carlos.lima@gmail.com,http://linkedin.com/in/carloslima,@carloslima,"Rua Tangará, 132",Telefone,443285529,653.182.241-29,Solteiro(a),Administrador,27,Não Binário,07/03/1980
7634,8634,9634,Maria Lima,Rafael Giacomini,Onboarding,Alto,"maio 4, 2024",05-04-2024,Influenciador,Admin,Signatário,Time Financeiro,Analista,Tecnologia,Executivo,Executivo,Coordenador,+55 (11) 3000-4388,+55 (11) 99705-7883,maria.lima@gmail.com,http://linkedin.com/in/marialima,@marialima,"Rua Tangará, 132",Whatsapp,612153089,106.460.405-59,Viúvo(a),Gerente,52,Não Binário,08/03/1980
476,1476,2476,Antônia Pereira,Alexandre Bazzi,Vendas,Médio,"maio 5, 2024",05-05-2024,Influenciador,Campeão,Testemunha,Time Financeiro,Gerente,Financeiro,Operações,Operações,Head,+55 (11) 3000-7624,+55 (11) 99483-3704,antônia.pereira@gmail.com,http://linkedin.com/in/antôniapereira,@antôniapereira,"Rua Tangará, 132",Whatsapp,523076025,706.677.778-13,Casado(a),Administrador,26,Feminino,09/03/1980
7450,8450,9450,Maria Souza,Luiza Aduan,Customer Success,Médio,"maio 6, 2024",05-06-2024,Influenciador,Campeão,Testemunha,Responsável pelo Financeiro,C-Level,Jurídico,Operações,Operações,CEO,+55 (11) 3000-7211,+55 (11) 98569-7906,maria.souza@gmail.com,http://linkedin.com/in/mariasouza,@mariasouza,"Rua Tangará, 132",Telefone,904258674,652.153.458-38,Casado(a),Engenheiro,19,Masculino,10/03/1980
7759,8759,9759,Bruno Oliveira,Alexandre Bazzi,Vendas,Alto,"maio 7, 2024",05-07-2024,Bloqueador,Admin,Testemunha,Responsável pelo Financeiro,Gerente,Financeiro,Operações,Operações,Head,+55 (11) 3000-4571,+55 (11) 98952-5198,bruno.oliveira@gmail.com,http://linkedin.com/in/brunooliveira,@brunooliveira,"Rua Tangará, 132",Telefone,935147672,938.267.418-23,Separado(a),Engenheiro,37,Não Binário,11/03/1980
3979,4979,5979,Pedro Gomes,Alexandre Bazzi,Vendas,Baixo,"maio 8, 2024",05-08-2024,Decisor,Admin,Testemunha,Sem Função de Faturamento,C-Level,Financeiro,Executivo,Executivo,CEO,+55 (11) 3000-5941,+55 (11) 99741-2983,pedro.gomes@gmail.com,http://linkedin.com/in/pedrogomes,@pedrogomes,"Rua Tangará, 132",E-mail,810303128,479.170.618-92,Divorciado(a),Engenheiro,44,Feminino,12/03/1980
7136,8136,9136,Adriana Oliveira,Luiza Aduan,Customer Success,Baixo,"maio 9, 2024",05-09-2024,Bloqueador,Admin,Signatário,Time Financeiro,Coordenador,Jurídico,Planejamento,Planejamento,Gerente,+55 (11) 3000-9548,+55 (11) 99977-5425,adriana.oliveira@gmail.com,http://linkedin.com/in/adrianaoliveira,@adrianaoliveira,"Rua Tangará, 132",Whatsapp,446071904,972.351.950-21,Divorciado(a),Administrador,33,Feminino,13/03/1980
7989,8989,9989,Maria Oliveira,Luiza Aduan,Customer Success,Médio,"maio 10, 2024",05-10-2024,Coach,Admin,Signatário,Responsável pelo Financeiro,Gerente,Tecnologia,Desenvolvimento,Desenvolvimento,Head,+55 (11) 3000-5232,+55 (11) 98697-5581,maria.oliveira@gmail.com,http://linkedin.com/in/mariaoliveira,@mariaoliveira,"Rua Tangará, 132",Telefone,191926217,347.837.516-72,Separado(a),Empreendedor,35,Não Binário,14/03/1980
6626,7626,8626,Rafael Souza,Rafael Giacomini,Onboarding,Alto,"maio 11, 2024",05-11-2024,Influenciador,Campeão,Testemunha,Responsável pelo Financeiro,C-Level,Financeiro,Planejamento,Planejamento,CEO,+55 (11) 3000-6016,+55 (11) 99359-7046,rafael.souza@gmail.com,http://linkedin.com/in/rafaelsouza,@rafaelsouza,"Rua Tangará, 132",Whatsapp,556881239,863.663.438-55,Viúvo(a),Economista,37,Feminino,15/03/1980
8780,9780,10780,Maria Santos,Rafael Giacomini,Onboarding,Alto,"maio 12, 2024",05-12-2024,Influenciador,Admin,Signatário,Responsável pelo Financeiro,Coordenador,Financeiro,Planejamento,Planejamento,Gerente,+55 (11) 3000-4138,+55 (11) 98443-8933,maria.santos@gmail.com,http://linkedin.com/in/mariasantos,@mariasantos,"Rua Tangará, 132",Telefone,207939087,952.298.403-39,Divorciado(a),Empreendedor,37,Masculino,16/03/1980
2069,3069,4069,Fernanda Rodrigues,Alexandre Bazzi,Vendas,Médio,"maio 13, 2024",05-13-2024,Decisor,Usuário,Testemunha,Sem Função de Faturamento,Analista,Jurídico,Executivo,Executivo,Coordenador,+55 (11) 3000-2680,+55 (11) 99787-1200,fernanda.rodrigues@gmail.com,http://linkedin.com/in/fernandarodrigues,@fernandarodrigues,"Rua Tangará, 132",Telefone,465830215,288.152.358-71,Casado(a),Engenheiro,43,Feminino,17/03/1980
2445,3445,4445,Lucas Oliveira,Luiza Aduan,Customer Success,Médio,"maio 14, 2024",05-14-2024,Decisor,Tomador de Decisão,Testemunha,Responsável pelo Financeiro,Gerente,Financeiro,Desenvolvimento,Desenvolvimento,Head,+55 (11) 3000-2395,+55 (11) 98508-2940,lucas.oliveira@gmail.com,http://linkedin.com/in/lucasoliveira,@lucasoliveira,"Rua Tangará, 132",Whatsapp,932894596,635.489.561-66,Divorciado(a),Gerente,45,Feminino,18/03/1980
4336,5336,6336,Marcos Souza,Luiza Aduan,Customer Success,Alto,"maio 15, 2024",05-15-2024,Coach,Usuário,Testemunha,Responsável pelo Financeiro,C-Level,Tecnologia,Executivo,Executivo,CEO,+55 (11) 3000-3573,+55 (11) 98491-3847,marcos.souza@gmail.com,http://linkedin.com/in/marcossouza,@marcossouza,"Rua Tangará, 132",E-mail,583724666,805.708.581-47,Casado(a),Empreendedor,36,Não Binário,19/03/1980
9664,10664,11664,Bruno Rodrigues,Rafael Giacomini,Onboarding,Alto,"maio 16, 2024",05-16-2024,Decisor,Admin,Testemunha,Time Financeiro,Coordenador,Vendas,Desenvolvimento,Desenvolvimento,Gerente,+55 (11) 3000-7965,+55 (11) 98235-9922,bruno.rodrigues@gmail.com,http://linkedin.com/in/brunorodrigues,@brunorodrigues,"Rua Tangará, 132",Telefone,176675731,161.269.911-49,Separado(a),Gerente,35,Feminino,20/03/1980
8200,9200,10200,Francisca Rodrigues,Alexandre Bazzi,Vendas,Médio,"maio 17, 2024",05-17-2024,Decisor,Campeão,Testemunha,Sem Função de Faturamento,Analista,Financeiro,Planejamento,Planejamento,Coordenador,+55 (11) 3000-8172,+55 (11) 98164-1653,francisca.rodrigues@gmail.com,http://linkedin.com/in/franciscarodrigues,@franciscarodrigues,"Rua Tangará, 132",Whatsapp,127772220,193.334.790-83,Separado(a),Engenheiro,"35,4",Não Binário,21/03/1980
2974,3974,4974,Adriana Rodrigues,Luiza Aduan,Customer Success,Médio,"maio 18, 2024",05-18-2024,Coach,Tomador de Decisão,Signatário,Time Financeiro,Coordenador,Jurídico,Planejamento,Planejamento,Gerente,+55 (11) 3000-9056,+55 (11) 99984-2494,adriana.rodrigues@gmail.com,http://linkedin.com/in/adrianarodrigues,@adrianarodrigues,"Rua Tangará, 132",Whatsapp,444733679,786.207.978-30,Divorciado(a),Administrador,49,Feminino,22/03/1980
4136,5136,6136,Pedro Ferreira,Luiza Aduan,Customer Success,Alto,"maio 19, 2024",05-19-2024,Coach,Usuário,Signatário,Time Financeiro,Gerente,Jurídico,Executivo,Executivo,Head,+55 (11) 3000-7622,+55 (11) 99771-9431,pedro.ferreira@gmail.com,http://linkedin.com/in/pedroferreira,@pedroferreira,"Rua Tangará, 132",E-mail,158201193,292.630.470-89,Viúvo(a),Administrador,21,Masculino,23/03/1980
1990,2990,3990,Adriana Pereira,Alexandre Bazzi,Vendas,Baixo,"maio 20, 2024",05-20-2024,Coach,Tomador de Decisão,Testemunha,Time Financeiro,C-Level,Tecnologia,Executivo,Executivo,CEO,+55 (11) 3000-4920,+55 (11) 99453-3594,adriana.pereira@gmail.com,http://linkedin.com/in/adrianapereira,@adrianapereira,"Rua Tangará, 132",Telefone,200082623,330.961.216-69,Casado(a),Empreendedor,49,Não Binário,24/03/1980
7737,8737,9737,Antônia Pereira,Alexandre Bazzi,Vendas,Médio,"maio 21, 2024",05-21-2024,Bloqueador,Campeão,Testemunha,Sem Função de Faturamento,Gerente,Vendas,Executivo,Executivo,Head,+55 (11) 3000-3369,+55 (11) 98785-4122,antônia.pereira@gmail.com,http://linkedin.com/in/antôniapereira,@antôniapereira,"Rua Tangará, 132",Telefone,464938258,906.619.373-10,Divorciado(a),Economista,55,Não Binário,25/03/1980
5447,6447,7447,Juliana Ferreira,Luiza Aduan,Customer Success,Baixo,"maio 22, 2024",05-22-2024,Influenciador,Admin,Signatário,Responsável pelo Financeiro,C-Level,Financeiro,Executivo,Executivo,CEO,+55 (11) 3000-7180,+55 (11) 98932-6272,juliana.ferreira@gmail.com,http://linkedin.com/in/julianaferreira,@julianaferreira,"Rua Tangará, 132",Telefone,350785761,976.894.520-15,Divorciado(a),Administrador,42,Feminino,26/03/1980
5440,6440,7440,Márcia Gomes,Luiza Aduan,Customer Success,Médio,"maio 23, 2024",05-23-2024,Bloqueador,Tomador de Decisão,Testemunha,Time Financeiro,Gerente,Jurídico,Desenvolvimento,Desenvolvimento,Head,+55 (11) 3000-2633,+55 (11) 99077-8486,márcia.gomes@gmail.com,http://linkedin.com/in/márciagomes,@márciagomes,"Rua Tangará, 132",E-mail,180346223,580.900.371-53,Separado(a),Administrador,59,Masculino,27/03/1980
8865,9865,10865,Maria Pereira,Rafael Giacomini,Onboarding,Baixo,"maio 24, 2024",05-24-2024,Decisor,Admin,Signatário,Time Financeiro,C-Level,Jurídico,Operações,Operações,CEO,+55 (11) 3000-2121,+55 (11) 98480-5708,maria.pereira@gmail.com,http://linkedin.com/in/mariapereira,@mariapereira,"Rua Tangará, 132",Telefone,916440738,748.820.993-22,Viúvo(a),Empreendedor,37,Masculino,28/03/1980
7057,8057,9057,Ana Ferreira,Rafael Giacomini,Onboarding,Alto,"maio 25, 2024",05-25-2024,Bloqueador,Admin,Testemunha,Sem Função de Faturamento,Gerente,Tecnologia,Executivo,Executivo,Head,+55 (11) 3000-9702,+55 (11) 98843-3950,ana.ferreira@gmail.com,http://linkedin.com/in/anaferreira,@anaferreira,"Rua Tangará, 132",Telefone,765408938,799.346.609-84,Solteiro(a),Empreendedor,47,Não Binário,29/03/1980
4713,5713,6713,João Pereira,Alexandre Bazzi,Vendas,Baixo,"maio 26, 2024",05-26-2024,Influenciador,Admin,Testemunha,Time Financeiro,C-Level,Vendas,Executivo,Executivo,CEO,+55 (11) 3000-3588,+55 (11) 98151-8237,joão.pereira@gmail.com,http://linkedin.com/in/joãopereira,@joãopereira,"Rua Tangará, 132",Telefone,841218491,356.567.965-48,Solteiro(a),Administrador,48,Masculino,30/03/1980
4838,5838,6838,Patrícia Rodrigues,Luiza Aduan,Customer Success,Baixo,"maio 27, 2024",05-27-2024,Influenciador,Tomador de Decisão,Signatário,Sem Função de Faturamento,Gerente,Jurídico,Planejamento,Planejamento,Head,+55 (11) 3000-7484,+55 (11) 98562-1132,patrícia.rodrigues@gmail.com,http://linkedin.com/in/patríciarodrigues,@patríciarodrigues,"Rua Tangará, 132",E-mail,932945529,918.335.721-55,Solteiro(a),Empreendedor,57,Feminino,31/03/1980
7223,8223,9223,Lucas Rodrigues,Luiza Aduan,Customer Success,Baixo,"maio 28, 2024",05-28-2024,Influenciador,Admin,Testemunha,Time Financeiro,Gerente,Vendas,Executivo,Executivo,Head,+55 (11) 3000-6977,+55 (11) 99499-3153,lucas.rodrigues@gmail.com,http://linkedin.com/in/lucasrodrigues,@lucasrodrigues,"Rua Tangará, 132",E-mail,288592093,305.235.905-79,Divorciado(a),Gerente,50,Feminino,01/04/1980
7674,8674,9674,Maria Santos,Rafael Giacomini,Onboarding,Alto,"maio 29, 2024",05-29-2024,Bloqueador,Campeão,Testemunha,Responsável pelo Financeiro,Gerente,Jurídico,Operações,Operações,Head,+55 (11) 3000-4696,+55 (11) 99761-7511,maria.santos@gmail.com,http://linkedin.com/in/mariasantos,@mariasantos,"Rua Tangará, 132",Telefone,383960237,649.226.565-57,Divorciado(a),Gerente,42,Não Binário,02/04/1980
9199,10199,11199,Juliana Silva,Alexandre Bazzi,Vendas,Baixo,"maio 30, 2024",05-30-2024,Influenciador,Admin,Testemunha,Time Financeiro,C-Level,Jurídico,Operações,Operações,CEO,+55 (11) 3000-4626,+55 (11) 99326-2035,juliana.silva@gmail.com,http://linkedin.com/in/julianasilva,@julianasilva,"Rua Tangará, 132",Whatsapp,250084428,146.138.411-73,Casado(a),Engenheiro,33,Não Binário,03/04/1980
9623,10623,11623,Fernanda Alves,Luiza Aduan,Customer Success,Baixo,"maio 31, 2024",05-31-2024,Decisor,Tomador de Decisão,Testemunha,Sem Função de Faturamento,Coordenador,Financeiro,Executivo,Executivo,Gerente,+55 (11) 3000-3531,+55 (11) 99813-7797,fernanda.alves@gmail.com,http://linkedin.com/in/fernandaalves,@fernandaalves,"Rua Tangará, 132",E-mail,400368694,133.806.479-37,Viúvo(a),Administrador,33,Feminino,04/04/1980
6524,7524,8524,Ana Silva,Luiza Aduan,Customer Success,Alto,"junho 1, 2024",06-01-2024,Influenciador,Usuário,Signatário,Responsável pelo Financeiro,Analista,Financeiro,Operações,Operações,Coordenador,+55 (11) 3000-3001,+55 (11) 99943-8450,ana.silva@gmail.com,http://linkedin.com/in/anasilva,@anasilva,"Rua Tangará, 132",E-mail,154308262,905.441.349-26,Separado(a),Empreendedor,22,Não Binário,05/04/1980
9765,10765,11765,Maria Oliveira,Rafael Giacomini,Onboarding,Médio,"junho 2, 2024",06-02-2024,Bloqueador,Campeão,Signatário,Sem Função de Faturamento,Coordenador,Tecnologia,Operações,Operações,Gerente,+55 (11) 3000-3370,+55 (11) 98266-9850,maria.oliveira@gmail.com,http://linkedin.com/in/mariaoliveira,@mariaoliveira,"Rua Tangará, 132",Telefone,241522640,115.466.908-40,Separado(a),Economista,19,Masculino,06/04/1980
1863,2863,3863,Antônia Lima,Luiza Aduan,Vendas,Alto,"junho 3, 2024",06-03-2024,Decisor,Campeão,Testemunha,Time Financeiro,Gerente,Financeiro,Desenvolvimento,Desenvolvimento,Head,+55 (11) 3000-8802,+55 (11) 98918-6931,antônia.lima@gmail.com,http://linkedin.com/in/antônialima,@antônialima,"Rua Tangará, 132",E-mail,760465943,144.844.902-94,Separado(a),Economista,47,Não Binário,07/04/1980
8033,9033,10033,Antônia Santos,Rafael Giacomini,Onboarding,Médio,"junho 4, 2024",06-04-2024,Bloqueador,Admin,Testemunha,Sem Função de Faturamento,C-Level,Marketing,Operações,Operações,CEO,+55 (11) 3000-2204,+55 (11) 99841-2323,antônia.santos@gmail.com,http://linkedin.com/in/antôniasantos,@antôniasantos,"Rua Tangará, 132",Telefone,235497187,381.739.748-84,Separado(a),Economista,42,Não Binário,08/04/1980
1875,2875,3875,Antônia Santos,Alexandre Bazzi,Vendas,Baixo,"junho 5, 2024",06-05-2024,Bloqueador,Campeão,Testemunha,Time Financeiro,Coordenador,Vendas,Executivo,Executivo,Gerente,+55 (11) 3000-4522,+55 (11) 98880-8398,antônia.santos@gmail.com,http://linkedin.com/in/antôniasantos,@antôniasantos,"Rua Tangará, 132",Telefone,528133274,525.847.197-50,Viúvo(a),Economista,60,Feminino,09/04/1980
1399,2399,3399,Pedro Santos,Alexandre Bazzi,Vendas,Médio,"junho 6, 2024",06-06-2024,Bloqueador,Admin,Signatário,Sem Função de Faturamento,Analista,Tecnologia,Planejamento,Planejamento,Coordenador,+55 (11) 3000-2582,+55 (11) 99524-7105,pedro.santos@gmail.com,http://linkedin.com/in/pedrosantos,@pedrosantos,"Rua Tangará, 132",Telefone,819421270,225.520.462-95,Viúvo(a),Engenheiro,36,Não Binário,09/04/1990
2536,3536,4536,Márcia Souza,Luiza Aduan,Customer Success,Médio,"junho 7, 2024",06-07-2024,Decisor,Usuário,Testemunha,Sem Função de Faturamento,Coordenador,Vendas,Operações,Operações,Gerente,+55 (11) 3000-4674,+55 (11) 99735-2773,márcia.souza@gmail.com,http://linkedin.com/in/márciasouza,@márciasouza,"Rua Tangará, 132",Telefone,918841563,385.687.331-64,Separado(a),Gerente,57,Não Binário,10/04/1990
2956,3956,4956,Carlos Silva,Luiza Aduan,Customer Success,Baixo,"junho 8, 2024",06-08-2024,Bloqueador,Admin,Testemunha,Time Financeiro,CEO,Gestão,Executivo,Executivo,,+55 (11) 3000-6062,+55 (11) 99887-6567,carlos.silva@gmail.com,http://linkedin.com/in/carlossilva,@carlossilva,"Rua Tangará, 132",Telefone,708082645,773.510.171-28,Casado(a),Engenheiro,51,Masculino,11/04/1990
5106,6106,7106,Luiz Ferreira,Rafael Giacomini,Onboarding,Médio,"junho 9, 2024",06-09-2024,Champion,Admin,Signatário,Sem Função de Faturamento,Diretor,Financeiro,Operações,Operações,C-Level,+55 (11) 3000-2391,+55 (11) 99809-1861,luiz.ferreira@gmail.com,http://linkedin.com/in/luizferreira,@luizferreira,"Rua Tangará, 132",Telefone,823668399,183.378.553-94,Viúvo(a),Administrador,56,Feminino,12/04/1990
7044,8044,9044,Gabriel Ferreira,Rafael Giacomini,Onboarding,Médio,"junho 10, 2024",06-10-2024,Decisor,Admin,Testemunha,Time Financeiro,Head,Jurídico,Operações,Operações,Diretor,+55 (11) 3000-8972,+55 (11) 99079-6053,gabriel.ferreira@gmail.com,http://linkedin.com/in/gabrielferreira,@gabrielferreira,"Rua Tangará, 132",E-mail,108253947,309.408.316-27,Divorciado(a),Economista,38,Masculino,13/04/1990
6230,7230,8230,Luiz Oliveira,Alexandre Bazzi,Vendas,Baixo,"junho 11, 2024",06-11-2024,Bloqueador,Admin,Signatário,Time Financeiro,Gerente,Tecnologia,Executivo,Executivo,Head,+55 (11) 3000-4770,+55 (11) 99024-6802,luiz.oliveira@gmail.com,http://linkedin.com/in/luizoliveira,@luizoliveira,"Rua Tangará, 132",E-mail,120123575,570.179.982-50,Separado(a),Administrador,54,Feminino,14/04/1990
2816,3816,4816,João Ferreira,Alexandre Bazzi,Vendas,Médio,"junho 12, 2024",06-12-2024,Decisor,Usuário,Testemunha,Responsável pelo Financeiro,C-Level,Jurídico,Executivo,Executivo,CEO,+55 (11) 3000-6928,+55 (11) 98180-8155,joão.ferreira@gmail.com,http://linkedin.com/in/joãoferreira,@joãoferreira,"Rua Tangará, 132",E-mail,662600500,180.505.991-49,Divorciado(a),Empreendedor,39,Masculino,15/04/1990
3177,4177,5177,Márcia Lima,Luiza Aduan,Customer Success,Médio,"junho 13, 2024",06-13-2024,Champion,Usuário,Testemunha,Time Financeiro,Coordenador,Marketing,Desenvolvimento,Desenvolvimento,Gerente,+55 (11) 3000-3419,+55 (11) 98483-2684,márcia.lima@gmail.com,http://linkedin.com/in/márcialima,@márcialima,"Rua Tangará, 132",Telefone,746820987,256.878.877-93,Casado(a),Empreendedor,58,Feminino,16/04/1990
5296,6296,7296,Patrícia Gomes,Luiza Aduan,Customer Success,Médio,"junho 14, 2024",06-14-2024,Decisor,Admin,Testemunha,Responsável pelo Financeiro,Analista,Vendas,Planejamento,Planejamento,Coordenador,+55 (11) 3000-3473,+55 (11) 98900-2118,patrícia.gomes@gmail.com,http://linkedin.com/in/patríciagomes,@patríciagomes,"Rua Tangará, 132",Whatsapp,735032128,157.460.619-19,Divorciado(a),Administrador,46,Masculino,17/04/1990
9734,10734,11734,Pedro Gomes,Rafael Giacomini,Onboarding,Médio,"junho 15, 2024",06-15-2024,Decisor,Usuário,Testemunha,Responsável pelo Financeiro,Coordenador,Marketing,Planejamento,Planejamento,Gerente,+55 (11) 3000-8581,+55 (11) 99188-1672,pedro.gomes@gmail.com,http://linkedin.com/in/pedrogomes,@pedrogomes,"Rua Tangará, 132",Whatsapp,749620068,587.613.254-17,Viúvo(a),Engenheiro,39,Não Binário,18/04/1990
7173,8173,9173,Lucas Souza,Rafael Giacomini,Onboarding,Baixo,"junho 16, 2024",06-16-2024,Decisor,Usuário,Testemunha,Time Financeiro,CEO,Gestão,Executivo,Executivo,,+55 (11) 3000-9564,+55 (11) 99248-3600,lucas.souza@gmail.com,http://linkedin.com/in/lucassouza,@lucassouza,"Rua Tangará, 132",Telefone,538912794,893.446.795-86,Casado(a),Economista,22,Feminino,19/04/1990
9875,10875,11875,Rafael Rodrigues,Alexandre Bazzi,Vendas,Médio,"junho 17, 2024",06-17-2024,Decisor,Usuário,Testemunha,Time Financeiro,Diretor,Jurídico,Desenvolvimento,Desenvolvimento,C-Level,+55 (11) 3000-2335,+55 (11) 99193-3317,rafael.rodrigues@gmail.com,http://linkedin.com/in/rafaelrodrigues,@rafaelrodrigues,"Rua Tangará, 132",Telefone,738920648,825.186.417-81,Viúvo(a),Economista,26,Não Binário,20/04/1990
299,1299,2299,Márcia Ferreira,Luiza Aduan,Customer Success,Médio,"junho 18, 2024",06-18-2024,Champion,Usuário,Signatário,Sem Função de Faturamento,Head,Marketing,Desenvolvimento,Desenvolvimento,Diretor,+55 (11) 3000-3953,+55 (11) 99947-4509,márcia.ferreira@gmail.com,http://linkedin.com/in/márciaferreira,@márciaferreira,"Rua Tangará, 132",Telefone,247709679,258.179.402-22,Separado(a),Gerente,51,Masculino,21/04/1990
2659,3659,4659,Francisca Oliveira,Luiza Aduan,Customer Success,Baixo,"junho 19, 2024",06-19-2024,Champion,Campeão,Testemunha,Sem Função de Faturamento,Gerente,Vendas,Desenvolvimento,Desenvolvimento,Head,+55 (11) 3000-3712,+55 (11) 99476-8170,francisca.oliveira@gmail.com,http://linkedin.com/in/franciscaoliveira,@franciscaoliveira,"Rua Tangará, 132",E-mail,576954730,725.391.870-67,Solteiro(a),Gerente,33,Feminino,22/04/1990
7565,8565,9565,Patrícia Pereira,Alexandre Bazzi,Vendas,Médio,"junho 20, 2024",06-20-2024,Bloqueador,Campeão,Signatário,Time Financeiro,C-Level,Financeiro,Desenvolvimento,Desenvolvimento,CEO,+55 (11) 3000-9239,+55 (11) 99080-7859,patrícia.pereira@gmail.com,http://linkedin.com/in/patríciapereira,@patríciapereira,"Rua Tangará, 132",Telefone,368438908,153.756.592-57,Separado(a),Engenheiro,51,Masculino,23/04/1990
2415,3415,4415,Adriana Lima,Alexandre Bazzi,Vendas,Alto,"junho 21, 2024",06-21-2024,Bloqueador,Campeão,Testemunha,Sem Função de Faturamento,Coordenador,Jurídico,Operações,Operações,Gerente,+55 (11) 3000-4637,+55 (11) 99672-8391,adriana.lima@gmail.com,http://linkedin.com/in/adrianalima,@adrianalima,"Rua Tangará, 132",Telefone,525689202,614.482.341-59,Casado(a),Economista,32,Masculino,24/04/1990
2255,3255,4255,Maria Oliveira,Luiza Aduan,Customer Success,Médio,"junho 22, 2024",06-22-2024,Decisor,Admin,Signatário,Time Financeiro,Gerente,Financeiro,Operações,Operações,Head,+55 (11) 3000-8740,+55 (11) 99425-3273,maria.oliveira@gmail.com,http://linkedin.com/in/mariaoliveira,@mariaoliveira,"Rua Tangará, 132",Whatsapp,185068029,119.362.320-29,Separado(a),Gerente,51,Feminino,25/04/1990
3907,4907,5907,Gabriel Silva,Luiza Aduan,Customer Success,Baixo,"junho 23, 2024",06-23-2024,Champion,Campeão,Testemunha,Time Financeiro,C-Level,Financeiro,Operações,Operações,CEO,+55 (11) 3000-8489,+55 (11) 98128-2816,gabriel.silva@gmail.com,http://linkedin.com/in/gabrielsilva,@gabrielsilva,"Rua Tangará, 132",Whatsapp,778556450,627.688.347-28,Divorciado(a),Administrador,18,Não Binário,26/04/1990
8577,9577,10577,Luiz Santos,Rafael Giacomini,Onboarding,Alto,"junho 24, 2024",06-24-2024,Decisor,Usuário,Testemunha,Time Financeiro,Coordenador,Jurídico,Operações,Operações,Gerente,+55 (11) 3000-9618,+55 (11) 99114-9312,luiz.santos@gmail.com,http://linkedin.com/in/luizsantos,@luizsantos,"Rua Tangará, 132",E-mail,782546314,496.482.359-12,Divorciado(a),Engenheiro,40,Masculino,27/04/1990
5773,6773,7773,Matheus Silva,Rafael Giacomini,Onboarding,Médio,"junho 25, 2024",06-25-2024,Champion,Admin,Testemunha,Time Financeiro,Analista,Marketing,Operações,Operações,Coordenador,+55 (11) 3000-3868,+55 (11) 99700-8612,matheus.silva@gmail.com,http://linkedin.com/in/matheussilva,@matheussilva,"Rua Tangará, 132",Whatsapp,868847524,894.568.137-47,Solteiro(a),Engenheiro,30,Masculino,28/04/1990
4151,5151,6151,Fernanda Pereira,Alexandre Bazzi,Vendas,Baixo,"junho 26, 2024",06-26-2024,Champion,Admin,Testemunha,Time Financeiro,Coordenador,Vendas,Operações,Operações,Gerente,+55 (11) 3000-4131,+55 (11) 98585-6848,fernanda.pereira@gmail.com,http://linkedin.com/in/fernandapereira,@fernandapereira,"Rua Tangará, 132",E-mail,958287383,476.547.509-66,Viúvo(a),Economista,29,Feminino,29/04/1990
1294,2294,3294,Pedro Alves,Luiza Aduan,Customer Success,Baixo,"junho 27, 2024",06-27-2024,Champion,Campeão,Testemunha,Time Financeiro,CEO,Gestão,Executivo,Executivo,,+55 (11) 3000-3956,+55 (11) 99117-5813,pedro.alves@gmail.com,http://linkedin.com/in/pedroalves,@pedroalves,"Rua Tangará, 132",Telefone,809656613,402.413.556-87,Viúvo(a),Empreendedor,46,Feminino,30/04/1990
4499,5499,6499,Aline Alves,Luiza Aduan,Customer Success,Alto,"junho 28, 2024",06-28-2024,Bloqueador,Admin,Testemunha,Sem Função de Faturamento,Diretor,Marketing,Operações,Operações,C-Level,+55 (11) 3000-2229,+55 (11) 99374-7655,aline.alves@gmail.com,http://linkedin.com/in/alinealves,@alinealves,"Rua Tangará, 132",Telefone,253308283,969.722.794-66,Casado(a),Empreendedor,22,Masculino,01/05/1990
2514,3514,4514,Lucas Gomes,Rafael Giacomini,Onboarding,Médio,"junho 29, 2024",06-29-2024,Bloqueador,Usuário,Signatário,Time Financeiro,Head,Marketing,Planejamento,Planejamento,Diretor,+55 (11) 3000-7077,+55 (11) 98761-8273,lucas.gomes@gmail.com,http://linkedin.com/in/lucasgomes,@lucasgomes,"Rua Tangará, 132",E-mail,527385805,421.765.385-41,Casado(a),Engenheiro,29,Feminino,02/05/1990
3516,4516,5516,Carlos Pereira,Alexandre Bazzi,Vendas,Médio,"junho 30, 2024",06-30-2024,Bloqueador,Admin,Signatário,Sem Função de Faturamento,Gerente,Jurídico,Desenvolvimento,Desenvolvimento,Head,+55 (11) 3000-9047,+55 (11) 98409-3009,carlos.pereira@gmail.com,http://linkedin.com/in/carlospereira,@carlospereira,"Rua Tangará, 132",Telefone,865975088,555.189.929-97,Divorciado(a),Economista,22,Não Binário,03/05/1990
8336,9336,10336,Luiz Ferreira,Luiza Aduan,Customer Success,Alto,"julho 1, 2024",07-01-2024,Bloqueador,Admin,Testemunha,Sem Função de Faturamento,C-Level,Tecnologia,Planejamento,Planejamento,CEO,+55 (11) 3000-4292,+55 (11) 99622-3275,luiz.ferreira@gmail.com,http://linkedin.com/in/luizferreira,@luizferreira,"Rua Tangará, 132",Telefone,694875990,686.477.578-80,Solteiro(a),Gerente,23,Masculino,04/05/1990
6731,7731,8731,Juliana Lima,Luiza Aduan,Customer Success,Baixo,"julho 2, 2024",07-02-2024,Decisor,Campeão,Testemunha,Responsável pelo Financeiro,Coordenador,Jurídico,Planejamento,Planejamento,Gerente,+55 (11) 3000-2208,+55 (11) 98256-6194,juliana.lima@gmail.com,http://linkedin.com/in/julianalima,@julianalima,"Rua Tangará, 132",E-mail,237798236,999.948.898-80,Separado(a),Empreendedor,26,Feminino,05/05/1990
2654,3654,4654,Rafael Oliveira,Rafael Giacomini,Onboarding,Baixo,"julho 3, 2024",07-03-2024,Influenciador,Usuário,Testemunha,Responsável pelo Financeiro,Analista,Vendas,Desenvolvimento,Desenvolvimento,Coordenador,+55 (11) 3000-4694,+55 (11) 98708-9501,rafael.oliveira@gmail.com,http://linkedin.com/in/rafaeloliveira,@rafaeloliveira,"Rua Tangará, 132",Telefone,781887358,664.381.228-90,Divorciado(a),Gerente,52,Masculino,06/05/1990
9915,10915,11915,Luiz Gomes,Luiza Aduan,Vendas,Baixo,"julho 4, 2024",07-04-2024,Bloqueador,Usuário,Testemunha,Time Financeiro,Coordenador,Financeiro,Planejamento,Planejamento,Gerente,+55 (11) 3000-1674,+55 (11) 99690-1464,luiz.gomes@gmail.com,http://linkedin.com/in/luizgomes,@luizgomes,"Rua Tangará, 132",E-mail,799145494,315.885.685-63,Separado(a),Engenheiro,49,Não Binário,07/05/1990
4874,5874,6874,Bruno Alves,Alexandre Bazzi,Vendas,Alto,"julho 5, 2024",07-05-2024,Decisor,Admin,Signatário,Time Financeiro,CEO,Gestão,Executivo,Executivo,,+55 (11) 3000-1981,+55 (11) 98323-8202,bruno.alves@gmail.com,http://linkedin.com/in/brunoalves,@brunoalves,"Rua Tangará, 132",Whatsapp,465278987,721.247.420-50,Divorciado(a),Administrador,26,Feminino,08/05/1990
7367,8367,9367,Gabriel Rodrigues,Alexandre Bazzi,Vendas,Alto,"julho 6, 2024",07-06-2024,Bloqueador,Admin,Testemunha,Time Financeiro,Diretor,Jurídico,Desenvolvimento,Desenvolvimento,C-Level,+55 (11) 3000-2586,+55 (11) 98103-5754,gabriel.rodrigues@gmail.com,http://linkedin.com/in/gabrielrodrigues,@gabrielrodrigues,"Rua Tangará, 132",Whatsapp,271476207,933.435.691-50,Solteiro(a),Empreendedor,49,Não Binário,09/05/1990
6443,7443,8443,João Santos,Luiza Aduan,Customer Success,Médio,"julho 7, 2024",07-07-2024,Bloqueador,Campeão,Testemunha,Sem Função de Faturamento,Head,Vendas,Executivo,Executivo,Diretor,+55 (11) 3000-4944,+55 (11) 98440-6781,joão.santos@gmail.com,http://linkedin.com/in/joãosantos,@joãosantos,"Rua Tangará, 132",E-mail,741580895,963.769.788-70,Divorciado(a),Gerente,18,Masculino,10/05/1990
5996,6996,7996,Ana Alves,Luiza Aduan,Customer Success,Médio,"julho 8, 2024",07-08-2024,Influenciador,Campeão,Testemunha,Time Financeiro,Gerente,Vendas,Operações,Operações,Head,+55 (11) 3000-1838,+55 (11) 99167-4189,ana.alves@gmail.com,http://linkedin.com/in/anaalves,@anaalves,"Rua Tangará, 132",Telefone,514838889,616.561.882-80,Divorciado(a),Gerente,57,Masculino,11/05/1990
5991,6991,7991,Maria Lima,Rafael Giacomini,Onboarding,Alto,"julho 9, 2024",07-09-2024,Influenciador,Admin,Testemunha,Time Financeiro,Coordenador,Tecnologia,Desenvolvimento,Desenvolvimento,Gerente,+55 (11) 3000-9341,+55 (11) 98822-9193,maria.lima@gmail.com,http://linkedin.com/in/marialima,@marialima,"Rua Tangará, 132",E-mail,866213410,441.923.585-76,Viúvo(a),Empreendedor,56,Não Binário,12/05/1990
4903,5903,6903,Luiz Alves,Rafael Giacomini,Onboarding,Médio,"julho 10, 2024",07-10-2024,Decisor,Usuário,Testemunha,Time Financeiro,Gerente,Vendas,Executivo,Executivo,Head,+55 (11) 3000-9311,+55 (11) 99696-9351,luiz.alves@gmail.com,http://linkedin.com/in/luizalves,@luizalves,"Rua Tangará, 132",Whatsapp,975903641,117.477.439-96,Casado(a),Administrador,55,Feminino,13/05/1990
3729,4729,5729,Patrícia Gomes,Alexandre Bazzi,Vendas,Alto,"julho 11, 2024",07-11-2024,Bloqueador,Usuário,Signatário,Time Financeiro,Gerente,Marketing,Operações,Operações,Head,+55 (11) 3000-8871,+55 (11) 98349-9589,patrícia.gomes@gmail.com,http://linkedin.com/in/patríciagomes,@patríciagomes,"Rua Tangará, 132",Whatsapp,714792641,817.212.295-12,Viúvo(a),Economista,44,Masculino,14/05/1990
7727,8727,9727,Márcia Gomes,Alexandre Bazzi,Vendas,Baixo,"julho 12, 2024",07-12-2024,Bloqueador,Usuário,Testemunha,Responsável pelo Financeiro,C-Level,Vendas,Executivo,Executivo,CEO,+55 (11) 3000-2020,+55 (11) 99445-3262,márcia.gomes@gmail.com,http://linkedin.com/in/márciagomes,@márciagomes,"Rua Tangará, 132",Telefone,664226794,485.421.277-68,Separado(a),Economista,52,Feminino,15/05/1990
9144,10144,11144,Bruno Rodrigues,Luiza Aduan,Customer Success,Alto,"julho 13, 2024",07-13-2024,Bloqueador,Admin,Testemunha,Responsável pelo Financeiro,Coordenador,Vendas,Executivo,Executivo,Gerente,+55 (11) 3000-5876,+55 (11) 99579-5735,bruno.rodrigues@gmail.com,http://linkedin.com/in/brunorodrigues,@brunorodrigues,"Rua Tangará, 132",Telefone,474524558,673.914.838-45,Divorciado(a),Engenheiro,54,Não Binário,16/05/1990
4713,5713,6713,Rafael Silva,Luiza Aduan,Customer Success,Alto,"julho 14, 2024",07-14-2024,Influenciador,Campeão,Signatário,Sem Função de Faturamento,Analista,Marketing,Desenvolvimento,Desenvolvimento,Coordenador,+55 (11) 3000-6674,+55 (11) 99892-8247,rafael.silva@gmail.com,http://linkedin.com/in/rafaelsilva,@rafaelsilva,"Rua Tangará, 132",Telefone,989006374,651.377.675-99,Divorciado(a),Empreendedor,24,Não Binário,17/05/1990
3815,4815,5815,Márcia Souza,Rafael Giacomini,Onboarding,Alto,"julho 15, 2024",07-15-2024,Decisor,Campeão,Testemunha,Sem Função de Faturamento,Coordenador,Tecnologia,Desenvolvimento,Desenvolvimento,Gerente,+55 (11) 3000-7771,+55 (11) 98676-8739,márcia.souza@gmail.com,http://linkedin.com/in/márciasouza,@márciasouza,"Rua Tangará, 132",E-mail,536913550,768.999.587-71,Solteiro(a),Economista,38,Feminino,18/05/1990
612,1612,2612,Bruno Lima,Alexandre Bazzi,Vendas,Médio,"julho 16, 2024",07-16-2024,Bloqueador,Campeão,Testemunha,Time Financeiro,Gerente,Marketing,Planejamento,Planejamento,Head,+55 (11) 3000-3880,+55 (11) 99912-1595,bruno.lima@gmail.com,http://linkedin.com/in/brunolima,@brunolima,"Rua Tangará, 132",Whatsapp,140229006,109.405.681-87,Casado(a),Economista,36,Feminino,19/05/1990
1846,2846,3846,Carlos Souza,Alexandre Bazzi,Vendas,Alto,"julho 17, 2024",07-17-2024,Bloqueador,Campeão,Testemunha,Sem Função de Faturamento,C-Level,Vendas,Planejamento,Planejamento,CEO,+55 (11) 3000-8518,+55 (11) 99327-5215,carlos.souza@gmail.com,http://linkedin.com/in/carlossouza,@carlossouza,"Rua Tangará, 132",Telefone,709650444,790.875.297-32,Separado(a),Administrador,45,Não Binário,20/05/1990