ID da Pessoa,Categoria de Stakeholder (lista),Nome Completo,Usuário Proprietário da Pessoa,Equipe Proprietária da Pessoa,Nível de Relacionamento (lista),Data de Criação,Data da Última Atualização,Telefone Fixo,Celular,E-mail,Linkedin,Instagram,Endereço,Canal Preferido (lista),Cargo,Departamento,Área,Equipe,Líder Direto,RG,CPF,Estado Civil (lista),Profissão,Idade,Gênero,Data de Nascimento,Função de Compra (lista),Função de Impacto (lista),Função de Formalização (lista),Função de Faturamento (lista)
4507,Cliente,Gabriel Silva,Alexandre Bazzi,Vendas,Alto,09/04/2024,09/04/2024,+55 (11) 3000-3286,+55 (11) 99508-2679,gabriel.silva@gmail.com,http://linkedin.com/in/gabrielsilva,@gabrielsilva,"Rua Tangará, 132",E-mail,Gerente,Jurídico,Operações,Operações,Head,131994523,123.456.789-09,Separado,Engenheiro,53,Masculino,09/04/2024,Coach,Campeão,Testemunha,Sem Função de Faturamento
2616,Parceiro,Carlos Silva,Alexandre Bazzi,Vendas,Médio,09/04/2024,09/04/2024,+55 (11) 3000-6574,+55 (11) 98569-3547,carlos.silva@gmail.com,http://linkedin.com/in/carlossilva,@carlossilva,"Rua Tangará, 132",Telefone,C-Level,Tecnologia,Operações,Operações,CEO,507943839,987.654.321-00,Separado,Economista,20,Não Binário,09/04/2024,Bloqueador,Tomador de Decisão,Signatário,Time Financeiro
4804,Parceiro,Pedro Lima,Luiza Aduan,Customer Success,Baixo,09/04/2024,09/04/2024,+55 (11) 3000-6925,+55 (11) 99182-4150,pedro.lima@gmail.com,http://linkedin.com/in/pedrolima,@pedrolima,"Rua Tangará, 132",E-mail,Coordenador,Marketing,Planejamento,Planejamento,Gerente,185675980,111.222.333-96,Viúvo,Economista,47,Não Binário,09/04/2024,Coach,Campeão,Testemunha,Time Financeiro
1170,Outros,Marcos Rodrigues,Luiza Aduan,Customer Success,Baixo,09/04/2024,09/04/2024,+55 (11) 3000-3803,+55 (11) 99093-5010,marcos.rodrigues@gmail.com,http://linkedin.com/in/marcosrodrigues,@marcosrodrigues,"Rua Tangará, 132",Telefone,Analista,Jurídico,Planejamento,Planejamento,Coordenador,787194506,000.111.222-85,Divorciado,Engenheiro,32,Masculino,09/04/2024,Coach,Admin,Testemunha,Responsável pelo Financeiro
5156,Cliente,Marcos Gomes,Rafael Giacomini,Onboarding,Baixo,09/04/2024,09/04/2024,+55 (11) 3000-9179,+55 (11) 98810-8517,marcos.gomes@gmail.com,http://linkedin.com/in/marcosgomes,@marcosgomes,"Rua Tangará, 132",Telefone,Coordenador,Marketing,Desenvolvimento,Desenvolvimento,Gerente,899925830,456.789.123-64,Viúvo,Gerente,43,Feminino,09/04/2024,Influenciador,Campeão,Testemunha,Time Financeiro
1797,Cliente,Pedro Silva,Rafael Giacomini,Onboarding,Baixo,09/04/2024,09/04/2024,+55 (11) 3000-3621,+55 (11) 99622-7916,pedro.silva@gmail.com,http://linkedin.com/in/pedrosilva,@pedrosilva,"Rua Tangará, 132",E-mail,CEO,Gestão,Executivo,Executivo,,668132202,321.654.987-91,Casado,Gerente,35,Não Binário,09/04/2024,Bloqueador,Campeão,Testemunha,Time Financeiro
54,Parceiro,Luiz Pereira,Alexandre Bazzi,Vendas,Baixo,09/04/2024,09/04/2024,+55 (11) 3000-5315,+55 (11) 99990-9201,luiz.pereira@gmail.com,http://linkedin.com/in/luizpereira,@luizpereira,"Rua Tangará, 132",Telefone,Gerente,Tecnologia,Planejamento,Planejamento,Head,786066793,654.321.789-82,Divorciado,Empreendedor,52,Não Binário,09/04/2024,Tomador de Decisão,Usuário,Testemunha,Time Financeiro
5948,Fornecedor,João Santos,Luiza Aduan,Customer Success,Alto,09/04/2024,09/04/2024,+55 (11) 3000-1949,+55 (11) 98493-2290,joão.santos@gmail.com,http://linkedin.com/in/joãosantos,@joãosantos,"Rua Tangará, 132",E-mail,C-Level,Tecnologia,Desenvolvimento,Desenvolvimento,CEO,237859287,159.357.486-06,Divorciado,Gerente,56,Feminino,09/04/2024,Influenciador,Usuário,Testemunha,Sem Função de Faturamento
6538,Parceiro,Marcos Rodrigues,Luiza Aduan,Customer Success,Baixo,09/04/2024,09/04/2024,+55 (11) 3000-7118,+55 (11) 98897-9479,marcos.rodrigues@gmail.com,http://linkedin.com/in/marcosrodrigues,@marcosrodrigues,"Rua Tangará, 132",Whatsapp,Gerente,Marketing,Desenvolvimento,Desenvolvimento,Head,168747287,246.810.121-90,Solteiro,Gerente,32,Masculino,09/04/2024,Tomador de Decisão,Tomador de Decisão,Testemunha,Responsável pelo Financeiro
515,Colaborador,Bruno Santos,Rafael Giacomini,Onboarding,Alto,09/04/2024,09/04/2024,+55 (11) 3000-9423,+55 (11) 98487-5562,bruno.santos@gmail.com,http://linkedin.com/in/brunosantos,@brunosantos,"Rua Tangará, 132",Whatsapp,C-Level,Financeiro,Desenvolvimento,Desenvolvimento,CEO,876693898,357.951.486-52,Viúvo,Administrador,30,Masculino,09/04/2024,Tomador de Decisão,Tomador de Decisão,Testemunha,Time Financeiro
7652,Parceiro,Antônia Alves,Alexandre Bazzi,Vendas,Alto,09/04/2024,09/04/2024,+55 (11) 3000-2612,+55 (11) 98124-7596,antônia.alves@gmail.com,http://linkedin.com/in/antôniaalves,@antôniaalves,"Rua Tangará, 132",Telefone,Coordenador,Marketing,Desenvolvimento,Desenvolvimento,Gerente,304235259,123.456.789-09,Solteiro,Economista,47,Masculino,09/04/2024,Tomador de Decisão,Admin,Testemunha,Responsável pelo Financeiro
242,Cliente,Lucas Lima,Luiza Aduan,Customer Success,Alto,09/04/2024,09/04/2024,+55 (11) 3000-3724,+55 (11) 98832-8956,lucas.lima@gmail.com,http://linkedin.com/in/lucaslima,@lucaslima,"Rua Tangará, 132",Whatsapp,Analista,Jurídico,Operações,Operações,Coordenador,276777762,987.654.321-00,Viúvo,Economista,45,Não Binário,09/04/2024,Coach,Campeão,Signatário,Time Financeiro
9490,Parceiro,Marcos Silva,Luiza Aduan,Customer Success,Baixo,09/04/2024,09/04/2024,+55 (11) 3000-1998,+55 (11) 99531-6138,marcos.silva@gmail.com,http://linkedin.com/in/marcossilva,@marcossilva,"Rua Tangará, 132",E-mail,Gerente,Financeiro,Executivo,Executivo,Head,639931481,111.222.333-96,Separado,Engenheiro,29,Masculino,09/04/2024,Tomador de Decisão,Usuário,Signatário,Time Financeiro
4034,Parceiro,Gabriel Gomes,Rafael Giacomini,Onboarding,Baixo,09/04/2024,09/04/2024,+55 (11) 3000-1651,+55 (11) 99268-2343,gabriel.gomes@gmail.com,http://linkedin.com/in/gabrielgomes,@gabrielgomes,"Rua Tangará, 132",Whatsapp,C-Level,Financeiro,Planejamento,Planejamento,CEO,379995032,000.111.222-85,Solteiro,Economista,43,Masculino,09/04/2024,Bloqueador,Admin,Testemunha,Responsável pelo Financeiro
9225,Cliente,João Pereira,Luiza Aduan,Vendas,Alto,09/04/2024,09/04/2024,+55 (11) 3000-9808,+55 (11) 98436-9288,joão.pereira@gmail.com,http://linkedin.com/in/joãopereira,@joãopereira,"Rua Tangará, 132",Telefone,Coordenador,Vendas,Operações,Operações,Gerente,362298393,456.789.123-64,Separado,Economista,57,Não Binário,09/04/2024,Tomador de Decisão,Usuário,Testemunha,Time Financeiro
4334,Cliente,Gabriel Oliveira,Rafael Giacomini,Onboarding,Alto,09/04/2024,09/04/2024,+55 (11) 3000-3546,+55 (11) 98557-5616,gabriel.oliveira@gmail.com,http://linkedin.com/in/gabrieloliveira,@gabrieloliveira,"Rua Tangará, 132",Telefone,Analista,Marketing,Planejamento,Planejamento,Coordenador,642678844,321.654.987-91,Casado,Administrador,35,Masculino,09/04/2024,Tomador de Decisão,Admin,Signatário,Sem Função de Faturamento
7240,Parceiro,Carlos Oliveira,Alexandre Bazzi,Vendas,Baixo,09/04/2024,09/04/2024,+55 (11) 3000-8007,+55 (11) 99148-1158,carlos.oliveira@gmail.com,http://linkedin.com/in/carlosoliveira,@carlosoliveira,"Rua Tangará, 132",E-mail,Coordenador,Marketing,Operações,Operações,Gerente,996139578,654.321.789-82,Viúvo,Empreendedor,20,Feminino,09/04/2024,Coach,Campeão,Testemunha,Responsável pelo Financeiro
5795,Parceiro,Bruno Santos,Alexandre Bazzi,Vendas,Médio,09/04/2024,09/04/2024,+55 (11) 3000-3532,+55 (11) 99895-4878,bruno.santos@gmail.com,http://linkedin.com/in/brunosantos,@brunosantos,"Rua Tangará, 132",Telefone,CEO,Gestão,Executivo,Executivo,,292587044,159.357.486-06,Solteiro,Economista,28,Não Binário,09/04/2024,Tomador de Decisão,Admin,Signatário,Time Financeiro
7542,Fornecedor,Bruno Souza,Luiza Aduan,Customer Success,Médio,09/04/2024,09/04/2024,+55 (11) 3000-4728,+55 (11) 98456-1387,bruno.souza@gmail.com,http://linkedin.com/in/brunosouza,@brunosouza,"Rua Tangará, 132",Telefone,Diretor,Vendas,Planejamento,Planejamento,C-Level,174539964,246.810.121-90,Separado,Administrador,52,Feminino,09/04/2024,Tomador de Decisão,Campeão,Testemunha,Responsável pelo Financeiro
627,Cliente,Patrícia Rodrigues,Luiza Aduan,Customer Success,Baixo,09/04/2024,09/04/2024,+55 (11) 3000-8119,+55 (11) 98707-6139,patrícia.rodrigues@gmail.com,http://linkedin.com/in/patríciarodrigues,@patríciarodrigues,"Rua Tangará, 132",Whatsapp,Head,Financeiro,Operações,Operações,Diretor,513600440,357.951.486-52,Viúvo,Engenheiro,51,Não Binário,09/04/2024,Influenciador,Admin,Testemunha,Responsável pelo Financeiro
5144,Parceiro,Maria Gomes,Rafael Giacomini,Onboarding,Alto,09/04/2024,09/04/2024,+55 (11) 3000-5920,+55 (11) 99038-6067,maria.gomes@gmail.com,http://linkedin.com/in/mariagomes,@mariagomes,"Rua Tangará, 132",Whatsapp,Gerente,Jurídico,Planejamento,Planejamento,Head,695295870,123.456.789-09,Viúvo,Empreendedor,57,Não Binário,09/04/2024,Bloqueador,Admin,Testemunha,Responsável pelo Financeiro
3444,Fornecedor,Rafael Rodrigues,Rafael Giacomini,Onboarding,Baixo,09/04/2024,09/04/2024,+55 (11) 3000-6279,+55 (11) 98952-8238,rafael.rodrigues@gmail.com,http://linkedin.com/in/rafaelrodrigues,@rafaelrodrigues,"Rua Tangará, 132",Whatsapp,Gerente,Financeiro,Executivo,Executivo,Head,952266893,987.654.321-00,Casado,Economista,50,Não Binário,09/04/2024,Coach,Campeão,Signatário,Sem Função de Faturamento
3263,Cliente,Rafael Souza,Alexandre Bazzi,Vendas,Alto,09/04/2024,09/04/2024,+55 (11) 3000-1757,+55 (11) 98501-8784,rafael.souza@gmail.com,http://linkedin.com/in/rafaelsouza,@rafaelsouza,"Rua Tangará, 132",E-mail,Gerente,Jurídico,Desenvolvimento,Desenvolvimento,Head,871318048,111.222.333-96,Solteiro,Empreendedor,59,Não Binário,09/04/2024,Tomador de Decisão,Campeão,Testemunha,Responsável pelo Financeiro
7612,Cliente,Luiz Lima,Luiza Aduan,Customer Success,Baixo,09/04/2024,09/04/2024,+55 (11) 3000-5082,+55 (11) 99878-2988,luiz.lima@gmail.com,http://linkedin.com/in/luizlima,@luizlima,"Rua Tangará, 132",Whatsapp,C-Level,Jurídico,Planejamento,Planejamento,CEO,910943524,000.111.222-85,Viúvo,Gerente,46,Masculino,09/04/2024,Bloqueador,Admin,Testemunha,Responsável pelo Financeiro
7940,Parceiro,Carlos Lima,Luiza Aduan,Customer Success,Alto,09/04/2024,09/04/2024,+55 (11) 3000-5499,+55 (11) 98900-2269,carlos.lima@gmail.com,http://linkedin.com/in/carloslima,@carloslima,"Rua Tangará, 132",Telefone,Coordenador,Vendas,Planejamento,Planejamento,Gerente,443285529,456.789.123-64,Solteiro,Administrador,27,Não Binário,09/04/2024,Influenciador,Campeão,Testemunha,Time Financeiro
7634,Fornecedor,Maria Lima,Rafael Giacomini,Onboarding,Alto,09/04/2024,09/04/2024,+55 (11) 3000-4388,+55 (11) 99705-7883,maria.lima@gmail.com,http://linkedin.com/in/marialima,@marialima,"Rua Tangará, 132",Whatsapp,Analista,Tecnologia,Executivo,Executivo,Coordenador,612153089,321.654.987-91,Viúvo,Gerente,52,Não Binário,09/04/2024,Influenciador,Admin,Signatário,Time Financeiro
476,Fornecedor,Antônia Pereira,Alexandre Bazzi,Vendas,Médio,09/04/2024,09/04/2024,+55 (11) 3000-7624,+55 (11) 99483-3704,antônia.pereira@gmail.com,http://linkedin.com/in/antôniapereira,@antôniapereira,"Rua Tangará, 132",Whatsapp,Gerente,Financeiro,Operações,Operações,Head,523076025,654.321.789-82,Casado,Administrador,26,Feminino,09/04/2024,Influenciador,Campeão,Testemunha,Time Financeiro
7450,Fornecedor,Maria Souza,Luiza Aduan,Customer Success,Médio,09/04/2024,09/04/2024,+55 (11) 3000-7211,+55 (11) 98569-7906,maria.souza@gmail.com,http://linkedin.com/in/mariasouza,@mariasouza,"Rua Tangará, 132",Telefone,C-Level,Jurídico,Operações,Operações,CEO,904258674,159.357.486-06,Casado,Engenheiro,19,Masculino,09/04/2024,Influenciador,Campeão,Testemunha,Responsável pelo Financeiro
7759,Parceiro,Bruno Oliveira,Alexandre Bazzi,Vendas,Alto,09/04/2024,09/04/2024,+55 (11) 3000-4571,+55 (11) 98952-5198,bruno.oliveira@gmail.com,http://linkedin.com/in/brunooliveira,@brunooliveira,"Rua Tangará, 132",Telefone,Gerente,Financeiro,Operações,Operações,Head,935147672,246.810.121-90,Separado,Engenheiro,37,Não Binário,09/04/2024,Bloqueador,Admin,Testemunha,Responsável pelo Financeiro
3979,Cliente,Pedro Gomes,Alexandre Bazzi,Vendas,Baixo,09/04/2024,09/04/2024,+55 (11) 3000-5941,+55 (11) 99741-2983,pedro.gomes@gmail.com,http://linkedin.com/in/pedrogomes,@pedrogomes,"Rua Tangará, 132",E-mail,C-Level,Financeiro,Executivo,Executivo,CEO,810303128,357.951.486-52,Divorciado,Engenheiro,44,Feminino,09/04/2024,Tomador de Decisão,Admin,Testemunha,Sem Função de Faturamento
7136,Cliente,Adriana Oliveira,Luiza Aduan,Customer Success,Baixo,09/04/2024,09/04/2024,+55 (11) 3000-9548,+55 (11) 99977-5425,adriana.oliveira@gmail.com,http://linkedin.com/in/adrianaoliveira,@adrianaoliveira,"Rua Tangará, 132",Whatsapp,Coordenador,Jurídico,Planejamento,Planejamento,Gerente,446071904,123.456.789-09,Divorciado,Administrador,33,Feminino,09/04/2024,Bloqueador,Admin,Signatário,Time Financeiro
7989,Cliente,Maria Oliveira,Luiza Aduan,Customer Success,Médio,09/04/2024,09/04/2024,+55 (11) 3000-5232,+55 (11) 98697-5581,maria.oliveira@gmail.com,http://linkedin.com/in/mariaoliveira,@mariaoliveira,"Rua Tangará, 132",Telefone,Gerente,Tecnologia,Desenvolvimento,Desenvolvimento,Head,191926217,987.654.321-00,Separado,Empreendedor,48,Não Binário,09/04/2024,Coach,Admin,Signatário,Responsável pelo Financeiro
6626,Parceiro,Rafael Souza,Rafael Giacomini,Onboarding,Alto,09/04/2024,09/04/2024,+55 (11) 3000-6016,+55 (11) 99359-7046,rafael.souza@gmail.com,http://linkedin.com/in/rafaelsouza,@rafaelsouza,"Rua Tangará, 132",Whatsapp,C-Level,Financeiro,Planejamento,Planejamento,CEO,556881239,111.222.333-96,Viúvo,Economista,37,Feminino,09/04/2024,Influenciador,Campeão,Testemunha,Responsável pelo Financeiro
8780,Outros,Maria Santos,Rafael Giacomini,Onboarding,Alto,09/04/2024,09/04/2024,+55 (11) 3000-4138,+55 (11) 98443-8933,maria.santos@gmail.com,http://linkedin.com/in/mariasantos,@mariasantos,"Rua Tangará, 132",Telefone,Coordenador,Financeiro,Planejamento,Planejamento,Gerente,207939087,000.111.222-85,Divorciado,Empreendedor,37,Masculino,09/04/2024,Influenciador,Admin,Signatário,Responsável pelo Financeiro
2069,Parceiro,Fernanda Rodrigues,Alexandre Bazzi,Vendas,Médio,09/04/2024,09/04/2024,+55 (11) 3000-2680,+55 (11) 99787-1200,fernanda.rodrigues@gmail.com,http://linkedin.com/in/fernandarodrigues,@fernandarodrigues,"Rua Tangará, 132",Telefone,Analista,Jurídico,Executivo,Executivo,Coordenador,465830215,456.789.123-64,Casado,Engenheiro,43,Feminino,09/04/2024,Tomador de Decisão,Usuário,Testemunha,Sem Função de Faturamento
2445,Parceiro,Lucas Oliveira,Luiza Aduan,Customer Success,Médio,09/04/2024,09/04/2024,+55 (11) 3000-2395,+55 (11) 98508-2940,lucas.oliveira@gmail.com,http://linkedin.com/in/lucasoliveira,@lucasoliveira,"Rua Tangará, 132",Whatsapp,Gerente,Financeiro,Desenvolvimento,Desenvolvimento,Head,932894596,321.654.987-91,Divorciado,Gerente,45,Feminino,09/04/2024,Tomador de Decisão,Tomador de Decisão,Testemunha,Responsável pelo Financeiro
4336,Parceiro,Marcos Souza,Luiza Aduan,Customer Success,Alto,09/04/2024,09/04/2024,+55 (11) 3000-3573,+55 (11) 98491-3847,marcos.souza@gmail.com,http://linkedin.com/in/marcossouza,@marcossouza,"Rua Tangará, 132",E-mail,C-Level,Tecnologia,Executivo,Executivo,CEO,583724666,654.321.789-82,Casado,Empreendedor,36,Não Binário,09/04/2024,Coach,Usuário,Testemunha,Responsável pelo Financeiro
9664,Parceiro,Bruno Rodrigues,Rafael Giacomini,Onboarding,Alto,09/04/2024,09/04/2024,+55 (11) 3000-7965,+55 (11) 98235-9922,bruno.rodrigues@gmail.com,http://linkedin.com/in/brunorodrigues,@brunorodrigues,"Rua Tangará, 132",Telefone,Coordenador,Vendas,Desenvolvimento,Desenvolvimento,Gerente,176675731,159.357.486-06,Separado,Gerente,36,Feminino,09/04/2024,Tomador de Decisão,Admin,Testemunha,Time Financeiro
8200,Parceiro,Francisca Rodrigues,Alexandre Bazzi,Vendas,Médio,09/04/2024,09/04/2024,+55 (11) 3000-8172,+55 (11) 98164-1653,francisca.rodrigues@gmail.com,http://linkedin.com/in/franciscarodrigues,@franciscarodrigues,"Rua Tangará, 132",Whatsapp,Analista,Financeiro,Planejamento,Planejamento,Coordenador,127772220,246.810.121-90,Separado,Engenheiro,35,Não Binário,09/04/2024,Tomador de Decisão,Campeão,Testemunha,Sem Função de Faturamento
2974,Parceiro,Adriana Rodrigues,Luiza Aduan,Customer Success,Médio,09/04/2024,09/04/2024,+55 (11) 3000-9056,+55 (11) 99984-2494,adriana.rodrigues@gmail.com,http://linkedin.com/in/adrianarodrigues,@adrianarodrigues,"Rua Tangará, 132",Whatsapp,Coordenador,Jurídico,Planejamento,Planejamento,Gerente,444733679,357.951.486-52,Divorciado,Administrador,49,Feminino,09/04/2024,Coach,Tomador de Decisão,Signatário,Time Financeiro
4136,Fornecedor,Pedro Ferreira,Luiza Aduan,Customer Success,Alto,09/04/2024,09/04/2024,+55 (11) 3000-7622,+55 (11) 99771-9431,pedro.ferreira@gmail.com,http://linkedin.com/in/pedroferreira,@pedroferreira,"Rua Tangará, 132",E-mail,Gerente,Jurídico,Executivo,Executivo,Head,158201193,123.456.789-09,Viúvo,Administrador,21,Masculino,09/04/2024,Coach,Usuário,Signatário,Time Financeiro
1990,Cliente,Adriana Pereira,Alexandre Bazzi,Vendas,Baixo,09/04/2024,09/04/2024,+55 (11) 3000-4920,+55 (11) 99453-3594,adriana.pereira@gmail.com,http://linkedin.com/in/adrianapereira,@adrianapereira,"Rua Tangará, 132",Telefone,C-Level,Tecnologia,Executivo,Executivo,CEO,200082623,987.654.321-00,Casado,Empreendedor,49,Não Binário,09/04/2024,Coach,Tomador de Decisão,Testemunha,Time Financeiro
7737,Cliente,Antônia Pereira,Alexandre Bazzi,Vendas,Médio,09/04/2024,09/04/2024,+55 (11) 3000-3369,+55 (11) 98785-4122,antônia.pereira@gmail.com,http://linkedin.com/in/antôniapereira,@antôniapereira,"Rua Tangará, 132",Telefone,Gerente,Vendas,Executivo,Executivo,Head,464938258,111.222.333-96,Divorciado,Economista,55,Não Binário,09/04/2024,Bloqueador,Campeão,Testemunha,Sem Função de Faturamento
5447,Parceiro,Juliana Ferreira,Luiza Aduan,Customer Success,Baixo,09/04/2024,09/04/2024,+55 (11) 3000-7180,+55 (11) 98932-6272,juliana.ferreira@gmail.com,http://linkedin.com/in/julianaferreira,@julianaferreira,"Rua Tangará, 132",Telefone,C-Level,Financeiro,Executivo,Executivo,CEO,350785761,000.111.222-85,Divorciado,Administrador,42,Feminino,09/04/2024,Influenciador,Admin,Signatário,Responsável pelo Financeiro
5440,Cliente,Márcia Gomes,Luiza Aduan,Customer Success,Médio,09/04/2024,09/04/2024,+55 (11) 3000-2633,+55 (11) 99077-8486,márcia.gomes@gmail.com,http://linkedin.com/in/márciagomes,@márciagomes,"Rua Tangará, 132",E-mail,Gerente,Jurídico,Desenvolvimento,Desenvolvimento,Head,180346223,456.789.123-64,Separado,Administrador,59,Masculino,09/04/2024,Bloqueador,Tomador de Decisão,Testemunha,Time Financeiro
8865,Cliente,Maria Pereira,Rafael Giacomini,Onboarding,Baixo,09/04/2024,09/04/2024,+55 (11) 3000-2121,+55 (11) 98480-5708,maria.pereira@gmail.com,http://linkedin.com/in/mariapereira,@mariapereira,"Rua Tangará, 132",Telefone,C-Level,Jurídico,Operações,Operações,CEO,916440738,321.654.987-91,Viúvo,Empreendedor,37,Masculino,09/04/2024,Tomador de Decisão,Admin,Signatário,Time Financeiro
7057,Cliente,Ana Ferreira,Rafael Giacomini,Onboarding,Alto,09/04/2024,09/04/2024,+55 (11) 3000-9702,+55 (11) 98843-3950,ana.ferreira@gmail.com,http://linkedin.com/in/anaferreira,@anaferreira,"Rua Tangará, 132",Telefone,Gerente,Tecnologia,Executivo,Executivo,Head,765408938,654.321.789-82,Solteiro,Empreendedor,47,Não Binário,09/04/2024,Bloqueador,Admin,Testemunha,Sem Função de Faturamento
4713,Parceiro,João Pereira,Alexandre Bazzi,Vendas,Baixo,09/04/2024,09/04/2024,+55 (11) 3000-3588,+55 (11) 98151-8237,joão.pereira@gmail.com,http://linkedin.com/in/joãopereira,@joãopereira,"Rua Tangará, 132",Telefone,C-Level,Vendas,Executivo,Executivo,CEO,841218491,159.357.486-06,Solteiro,Administrador,48,Masculino,09/04/2024,Influenciador,Admin,Testemunha,Time Financeiro
4838,Cliente,Patrícia Rodrigues,Luiza Aduan,Customer Success,Baixo,09/04/2024,09/04/2024,+55 (11) 3000-7484,+55 (11) 98562-1132,patrícia.rodrigues@gmail.com,http://linkedin.com/in/patríciarodrigues,@patríciarodrigues,"Rua Tangará, 132",E-mail,Gerente,Jurídico,Planejamento,Planejamento,Head,932945529,246.810.121-90,Solteiro,Empreendedor,57,Feminino,09/04/2024,Influenciador,Tomador de Decisão,Signatário,Sem Função de Faturamento
7223,Cliente,Lucas Rodrigues,Luiza Aduan,Customer Success,Baixo,09/04/2024,09/04/2024,+55 (11) 3000-6977,+55 (11) 99499-3153,lucas.rodrigues@gmail.com,http://linkedin.com/in/lucasrodrigues,@lucasrodrigues,"Rua Tangará, 132",E-mail,Gerente,Vendas,Executivo,Executivo,Head,288592093,357.951.486-52,Divorciado,Gerente,50,Feminino,09/04/2024,Influenciador,Admin,Testemunha,Time Financeiro
7674,Cliente,Maria Santos,Rafael Giacomini,Onboarding,Alto,09/04/2024,09/04/2024,+55 (11) 3000-4696,+55 (11) 99761-7511,maria.santos@gmail.com,http://linkedin.com/in/mariasantos,@mariasantos,"Rua Tangará, 132",Telefone,Gerente,Jurídico,Operações,Operações,Head,383960237,123.456.789-09,Divorciado,Gerente,42,Não Binário,09/04/2024,Bloqueador,Campeão,Testemunha,Responsável pelo Financeiro
9199,Fornecedor,Juliana Silva,Alexandre Bazzi,Vendas,Baixo,09/04/2024,09/04/2024,+55 (11) 3000-4626,+55 (11) 99326-2035,juliana.silva@gmail.com,http://linkedin.com/in/julianasilva,@julianasilva,"Rua Tangará, 132",Whatsapp,C-Level,Jurídico,Operações,Operações,CEO,250084428,987.654.321-00,Casado,Engenheiro,33,Não Binário,09/04/2024,Influenciador,Admin,Testemunha,Time Financeiro
9623,Parceiro,Fernanda Alves,Luiza Aduan,Customer Success,Baixo,09/04/2024,09/04/2024,+55 (11) 3000-3531,+55 (11) 99813-7797,fernanda.alves@gmail.com,http://linkedin.com/in/fernandaalves,@fernandaalves,"Rua Tangará, 132",E-mail,Coordenador,Financeiro,Executivo,Executivo,Gerente,400368694,111.222.333-96,Viúvo,Administrador,33,Feminino,09/04/2024,Tomador de Decisão,Tomador de Decisão,Testemunha,Sem Função de Faturamento
6524,Fornecedor,Ana Silva,Luiza Aduan,Customer Success,Alto,09/04/2024,09/04/2024,+55 (11) 3000-3001,+55 (11) 99943-8450,ana.silva@gmail.com,http://linkedin.com/in/anasilva,@anasilva,"Rua Tangará, 132",E-mail,Analista,Financeiro,Operações,Operações,Coordenador,154308262,000.111.222-85,Separado,Empreendedor,22,Não Binário,09/04/2024,Influenciador,Usuário,Signatário,Responsável pelo Financeiro
9765,Cliente,Maria Oliveira,Rafael Giacomini,Onboarding,Médio,09/04/2024,09/04/2024,+55 (11) 3000-3370,+55 (11) 98266-9850,maria.oliveira@gmail.com,http://linkedin.com/in/mariaoliveira,@mariaoliveira,"Rua Tangará, 132",Telefone,Coordenador,Tecnologia,Operações,Operações,Gerente,241522640,456.789.123-64,Separado,Economista,19,Masculino,09/04/2024,Bloqueador,Campeão,Signatário,Sem Função de Faturamento
1863,Parceiro,Antônia Lima,Luiza Aduan,Vendas,Alto,09/04/2024,09/04/2024,+55 (11) 3000-8802,+55 (11) 98918-6931,antônia.lima@gmail.com,http://linkedin.com/in/antônialima,@antônialima,"Rua Tangará, 132",E-mail,Gerente,Financeiro,Desenvolvimento,Desenvolvimento,Head,760465943,321.654.987-91,Separado,Economista,47,Não Binário,09/04/2024,Tomador de Decisão,Campeão,Testemunha,Time Financeiro
8033,Parceiro,Antônia Santos,Rafael Giacomini,Onboarding,Médio,09/04/2024,09/04/2024,+55 (11) 3000-2204,+55 (11) 99841-2323,antônia.santos@gmail.com,http://linkedin.com/in/antôniasantos,@antôniasantos,"Rua Tangará, 132",Telefone,C-Level,Marketing,Operações,Operações,CEO,235497187,654.321.789-82,Separado,Economista,42,Não Binário,09/04/2024,Bloqueador,Admin,Testemunha,Sem Função de Faturamento
1875,Parceiro,Antônia Santos,Alexandre Bazzi,Vendas,Baixo,09/04/2024,09/04/2024,+55 (11) 3000-4522,+55 (11) 98880-8398,antônia.santos@gmail.com,http://linkedin.com/in/antôniasantos,@antôniasantos,"Rua Tangará, 132",Telefone,Coordenador,Vendas,Executivo,Executivo,Gerente,528133274,159.357.486-06,Viúvo,Economista,60,Feminino,09/04/2024,Bloqueador,Campeão,Testemunha,Time Financeiro
1399,Cliente,Pedro Santos,Alexandre Bazzi,Vendas,Médio,09/04/2024,09/04/2024,+55 (11) 3000-2582,+55 (11) 99524-7105,pedro.santos@gmail.com,http://linkedin.com/in/pedrosantos,@pedrosantos,"Rua Tangará, 132",Telefone,Analista,Tecnologia,Planejamento,Planejamento,Coordenador,819421270,246.810.121-90,Viúvo,Engenheiro,36,Não Binário,09/04/2024,Bloqueador,Admin,Signatário,Sem Função de Faturamento
2536,Parceiro,Márcia Souza,Luiza Aduan,Customer Success,Médio,09/04/2024,09/04/2024,+55 (11) 3000-4674,+55 (11) 99735-2773,márcia.souza@gmail.com,http://linkedin.com/in/márciasouza,@márciasouza,"Rua Tangará, 132",Telefone,Coordenador,Vendas,Operações,Operações,Gerente,918841563,357.951.486-52,Separado,Gerente,57,Não Binário,09/04/2024,Tomador de Decisão,Usuário,Testemunha,Sem Função de Faturamento
2956,Fornecedor,Carlos Silva,Luiza Aduan,Customer Success,Baixo,09/04/2024,09/04/2024,+55 (11) 3000-6062,+55 (11) 99887-6567,carlos.silva@gmail.com,http://linkedin.com/in/carlossilva,@carlossilva,"Rua Tangará, 132",Telefone,CEO,Gestão,Executivo,Executivo,,708082645,123.456.789-09,Casado,Engenheiro,51,Masculino,09/04/2024,Bloqueador,Admin,Testemunha,Time Financeiro
5106,Parceiro,Luiz Ferreira,Rafael Giacomini,Onboarding,Médio,09/04/2024,09/04/2024,+55 (11) 3000-2391,+55 (11) 99809-1861,luiz.ferreira@gmail.com,http://linkedin.com/in/luizferreira,@luizferreira,"Rua Tangará, 132",Telefone,Diretor,Financeiro,Operações,Operações,C-Level,823668399,987.654.321-00,Viúvo,Administrador,56,Feminino,09/04/2024,Campeão,Admin,Signatário,Sem Função de Faturamento
7044,Cliente,Gabriel Ferreira,Rafael Giacomini,Onboarding,Médio,09/04/2024,09/04/2024,+55 (11) 3000-8972,+55 (11) 99079-6053,gabriel.ferreira@gmail.com,http://linkedin.com/in/gabrielferreira,@gabrielferreira,"Rua Tangará, 132",E-mail,Head,Jurídico,Operações,Operações,Diretor,108253947,111.222.333-96,Divorciado,Economista,38,Masculino,09/04/2024,Tomador de Decisão,Admin,Testemunha,Time Financeiro
6230,Parceiro,Luiz Oliveira,Alexandre Bazzi,Vendas,Baixo,09/04/2024,09/04/2024,+55 (11) 3000-4770,+55 (11) 99024-6802,luiz.oliveira@gmail.com,http://linkedin.com/in/luizoliveira,@luizoliveira,"Rua Tangará, 132",E-mail,Gerente,Tecnologia,Executivo,Executivo,Head,120123575,000.111.222-85,Separado,Administrador,54,Feminino,09/04/2024,Bloqueador,Admin,Signatário,Time Financeiro
2816,Parceiro,João Ferreira,Alexandre Bazzi,Vendas,Médio,09/04/2024,09/04/2024,+55 (11) 3000-6928,+55 (11) 98180-8155,joão.ferreira@gmail.com,http://linkedin.com/in/joãoferreira,@joãoferreira,"Rua Tangará, 132",E-mail,C-Level,Jurídico,Executivo,Executivo,CEO,662600500,456.789.123-64,Divorciado,Empreendedor,39,Masculino,09/04/2024,Tomador de Decisão,Usuário,Testemunha,Responsável pelo Financeiro
3177,Fornecedor,Márcia Lima,Luiza Aduan,Customer Success,Médio,09/04/2024,09/04/2024,+55 (11) 3000-3419,+55 (11) 98483-2684,márcia.lima@gmail.com,http://linkedin.com/in/márcialima,@márcialima,"Rua Tangará, 132",Telefone,Coordenador,Marketing,Desenvolvimento,Desenvolvimento,Gerente,746820987,321.654.987-91,Casado,Empreendedor,58,Feminino,09/04/2024,Campeão,Usuário,Testemunha,Time Financeiro
5296,Parceiro,Patrícia Gomes,Luiza Aduan,Customer Success,Médio,09/04/2024,09/04/2024,+55 (11) 3000-3473,+55 (11) 98900-2118,patrícia.gomes@gmail.com,http://linkedin.com/in/patríciagomes,@patríciagomes,"Rua Tangará, 132",Whatsapp,Analista,Vendas,Planejamento,Planejamento,Coordenador,735032128,654.321.789-82,Divorciado,Administrador,46,Masculino,09/04/2024,Tomador de Decisão,Admin,Testemunha,Responsável pelo Financeiro
9734,Parceiro,Pedro Gomes,Rafael Giacomini,Onboarding,Médio,09/04/2024,09/04/2024,+55 (11) 3000-8581,+55 (11) 99188-1672,pedro.gomes@gmail.com,http://linkedin.com/in/pedrogomes,@pedrogomes,"Rua Tangará, 132",Whatsapp,Coordenador,Marketing,Planejamento,Planejamento,Gerente,749620068,159.357.486-06,Viúvo,Engenheiro,39,Não Binário,09/04/2024,Tomador de Decisão,Usuário,Testemunha,Responsável pelo Financeiro
7173,Fornecedor,Lucas Souza,Rafael Giacomini,Onboarding,Baixo,09/04/2024,09/04/2024,+55 (11) 3000-9564,+55 (11) 99248-3600,lucas.souza@gmail.com,http://linkedin.com/in/lucassouza,@lucassouza,"Rua Tangará, 132",Telefone,CEO,Gestão,Executivo,Executivo,,538912794,246.810.121-90,Casado,Economista,22,Feminino,09/04/2024,Tomador de Decisão,Usuário,Testemunha,Time Financeiro
9875,Cliente,Rafael Rodrigues,Alexandre Bazzi,Vendas,Médio,09/04/2024,09/04/2024,+55 (11) 3000-2335,+55 (11) 99193-3317,rafael.rodrigues@gmail.com,http://linkedin.com/in/rafaelrodrigues,@rafaelrodrigues,"Rua Tangará, 132",Telefone,Diretor,Jurídico,Desenvolvimento,Desenvolvimento,C-Level,738920648,357.951.486-52,Viúvo,Economista,26,Não Binário,09/04/2024,Tomador de Decisão,Usuário,Testemunha,Time Financeiro
299,Fornecedor,Márcia Ferreira,Luiza Aduan,Customer Success,Médio,09/04/2024,09/04/2024,+55 (11) 3000-3953,+55 (11) 99947-4509,márcia.ferreira@gmail.com,http://linkedin.com/in/márciaferreira,@márciaferreira,"Rua Tangará, 132",Telefone,Head,Marketing,Desenvolvimento,Desenvolvimento,Diretor,247709679,123.456.789-09,Separado,Gerente,51,Masculino,09/04/2024,Campeão,Usuário,Signatário,Sem Função de Faturamento
2659,Cliente,Francisca Oliveira,Luiza Aduan,Customer Success,Baixo,09/04/2024,09/04/2024,+55 (11) 3000-3712,+55 (11) 99476-8170,francisca.oliveira@gmail.com,http://linkedin.com/in/franciscaoliveira,@franciscaoliveira,"Rua Tangará, 132",E-mail,Gerente,Vendas,Desenvolvimento,Desenvolvimento,Head,576954730,987.654.321-00,Solteiro,Gerente,33,Feminino,09/04/2024,Campeão,Campeão,Testemunha,Sem Função de Faturamento
7565,Fornecedor,Patrícia Pereira,Alexandre Bazzi,Vendas,Médio,09/04/2024,09/04/2024,+55 (11) 3000-9239,+55 (11) 99080-7859,patrícia.pereira@gmail.com,http://linkedin.com/in/patríciapereira,@patríciapereira,"Rua Tangará, 132",Telefone,C-Level,Financeiro,Desenvolvimento,Desenvolvimento,CEO,368438908,111.222.333-96,Separado,Engenheiro,51,Masculino,09/04/2024,Bloqueador,Campeão,Signatário,Time Financeiro
2415,Fornecedor,Adriana Lima,Alexandre Bazzi,Vendas,Alto,09/04/2024,09/04/2024,+55 (11) 3000-4637,+55 (11) 99672-8391,adriana.lima@gmail.com,http://linkedin.com/in/adrianalima,@adrianalima,"Rua Tangará, 132",Telefone,Coordenador,Jurídico,Operações,Operações,Gerente,525689202,000.111.222-85,Casado,Economista,32,Masculino,09/04/2024,Bloqueador,Campeão,Testemunha,Sem Função de Faturamento
2255,Cliente,Maria Oliveira,Luiza Aduan,Customer Success,Médio,09/04/2024,09/04/2024,+55 (11) 3000-8740,+55 (11) 99425-3273,maria.oliveira@gmail.com,http://linkedin.com/in/mariaoliveira,@mariaoliveira,"Rua Tangará, 132",Whatsapp,Gerente,Financeiro,Operações,Operações,Head,185068029,456.789.123-64,Separado,Gerente,51,Feminino,09/04/2024,Tomador de Decisão,Admin,Signatário,Time Financeiro
3907,Fornecedor,Gabriel Silva,Luiza Aduan,Customer Success,Baixo,09/04/2024,09/04/2024,+55 (11) 3000-8489,+55 (11) 98128-2816,gabriel.silva@gmail.com,http://linkedin.com/in/gabrielsilva,@gabrielsilva,"Rua Tangará, 132",Whatsapp,C-Level,Financeiro,Operações,Operações,CEO,778556450,321.654.987-91,Divorciado,Administrador,18,Não Binário,09/04/2024,Campeão,Campeão,Testemunha,Time Financeiro
8577,Fornecedor,Luiz Santos,Rafael Giacomini,Onboarding,Alto,09/04/2024,09/04/2024,+55 (11) 3000-9618,+55 (11) 99114-9312,luiz.santos@gmail.com,http://linkedin.com/in/luizsantos,@luizsantos,"Rua Tangará, 132",E-mail,Coordenador,Jurídico,Operações,Operações,Gerente,782546314,654.321.789-82,Divorciado,Engenheiro,40,Masculino,09/04/2024,Tomador de Decisão,Usuário,Testemunha,Time Financeiro
5773,Parceiro,Matheus Silva,Rafael Giacomini,Onboarding,Médio,09/04/2024,09/04/2024,+55 (11) 3000-3868,+55 (11) 99700-8612,matheus.silva@gmail.com,http://linkedin.com/in/matheussilva,@matheussilva,"Rua Tangará, 132",Whatsapp,Analista,Marketing,Operações,Operações,Coordenador,868847524,159.357.486-06,Solteiro,Engenheiro,30,Masculino,09/04/2024,Campeão,Admin,Testemunha,Time Financeiro
4151,Cliente,Fernanda Pereira,Alexandre Bazzi,Vendas,Baixo,09/04/2024,09/04/2024,+55 (11) 3000-4131,+55 (11) 98585-6848,fernanda.pereira@gmail.com,http://linkedin.com/in/fernandapereira,@fernandapereira,"Rua Tangará, 132",E-mail,Coordenador,Vendas,Operações,Operações,Gerente,958287383,246.810.121-90,Viúvo,Economista,29,Feminino,09/04/2024,Campeão,Admin,Testemunha,Time Financeiro
1294,Fornecedor,Pedro Alves,Luiza Aduan,Customer Success,Baixo,09/04/2024,09/04/2024,+55 (11) 3000-3956,+55 (11) 99117-5813,pedro.alves@gmail.com,http://linkedin.com/in/pedroalves,@pedroalves,"Rua Tangará, 132",Telefone,CEO,Gestão,Executivo,Executivo,,809656613,357.951.486-52,Viúvo,Empreendedor,46,Feminino,09/04/2024,Campeão,Campeão,Testemunha,Time Financeiro
4499,Parceiro,Aline Alves,Luiza Aduan,Customer Success,Alto,09/04/2024,09/04/2024,+55 (11) 3000-2229,+55 (11) 99374-7655,aline.alves@gmail.com,http://linkedin.com/in/alinealves,@alinealves,"Rua Tangará, 132",Telefone,Diretor,Marketing,Operações,Operações,C-Level,253308283,123.456.789-09,Casado,Empreendedor,22,Masculino,09/04/2024,Bloqueador,Admin,Testemunha,Sem Função de Faturamento
2514,Parceiro,Lucas Gomes,Rafael Giacomini,Onboarding,Médio,09/04/2024,09/04/2024,+55 (11) 3000-7077,+55 (11) 98761-8273,lucas.gomes@gmail.com,http://linkedin.com/in/lucasgomes,@lucasgomes,"Rua Tangará, 132",E-mail,Head,Marketing,Planejamento,Planejamento,Diretor,527385805,987.654.321-00,Casado,Engenheiro,29,Feminino,09/04/2024,Bloqueador,Usuário,Signatário,Time Financeiro
3516,Colaborador,Carlos Pereira,Alexandre Bazzi,Vendas,Médio,09/04/2024,09/04/2024,+55 (11) 3000-9047,+55 (11) 98409-3009,carlos.pereira@gmail.com,http://linkedin.com/in/carlospereira,@carlospereira,"Rua Tangará, 132",Telefone,Gerente,Jurídico,Desenvolvimento,Desenvolvimento,Head,865975088,111.222.333-96,Divorciado,Economista,22,Não Binário,09/04/2024,Bloqueador,Admin,Signatário,Sem Função de Faturamento
8336,Cliente,Luiz Ferreira,Luiza Aduan,Customer Success,Alto,09/04/2024,09/04/2024,+55 (11) 3000-4292,+55 (11) 99622-3275,luiz.ferreira@gmail.com,http://linkedin.com/in/luizferreira,@luizferreira,"Rua Tangará, 132",Telefone,C-Level,Tecnologia,Planejamento,Planejamento,CEO,694875990,000.111.222-85,Solteiro,Gerente,23,Masculino,09/04/2024,Bloqueador,Admin,Testemunha,Sem Função de Faturamento
6731,Fornecedor,Juliana Lima,Luiza Aduan,Customer Success,Baixo,09/04/2024,09/04/2024,+55 (11) 3000-2208,+55 (11) 98256-6194,juliana.lima@gmail.com,http://linkedin.com/in/julianalima,@julianalima,"Rua Tangará, 132",E-mail,Coordenador,Jurídico,Planejamento,Planejamento,Gerente,237798236,456.789.123-64,Separado,Empreendedor,26,Feminino,09/04/2024,Tomador de Decisão,Campeão,Testemunha,Responsável pelo Financeiro
2654,Fornecedor,Rafael Oliveira,Rafael Giacomini,Onboarding,Baixo,09/04/2024,09/04/2024,+55 (11) 3000-4694,+55 (11) 98708-9501,rafael.oliveira@gmail.com,http://linkedin.com/in/rafaeloliveira,@rafaeloliveira,"Rua Tangará, 132",Telefone,Analista,Vendas,Desenvolvimento,Desenvolvimento,Coordenador,781887358,321.654.987-91,Divorciado,Gerente,52,Masculino,09/04/2024,Influenciador,Usuário,Testemunha,Responsável pelo Financeiro
9915,Fornecedor,Luiz Gomes,Luiza Aduan,Vendas,Baixo,09/04/2024,09/04/2024,+55 (11) 3000-1674,+55 (11) 99690-1464,luiz.gomes@gmail.com,http://linkedin.com/in/luizgomes,@luizgomes,"Rua Tangará, 132",E-mail,Coordenador,Financeiro,Planejamento,Planejamento,Gerente,799145494,654.321.789-82,Separado,Engenheiro,49,Não Binário,09/04/2024,Bloqueador,Usuário,Testemunha,Time Financeiro
4874,Fornecedor,Bruno Alves,Alexandre Bazzi,Vendas,Alto,09/04/2024,09/04/2024,+55 (11) 3000-1981,+55 (11) 98323-8202,bruno.alves@gmail.com,http://linkedin.com/in/brunoalves,@brunoalves,"Rua Tangará, 132",Whatsapp,CEO,Gestão,Executivo,Executivo,,465278987,159.357.486-06,Divorciado,Administrador,26,Feminino,09/04/2024,Tomador de Decisão,Admin,Signatário,Time Financeiro
7367,Cliente,Gabriel Rodrigues,Alexandre Bazzi,Vendas,Alto,09/04/2024,09/04/2024,+55 (11) 3000-2586,+55 (11) 98103-5754,gabriel.rodrigues@gmail.com,http://linkedin.com/in/gabrielrodrigues,@gabrielrodrigues,"Rua Tangará, 132",Whatsapp,Diretor,Jurídico,Desenvolvimento,Desenvolvimento,C-Level,271476207,246.810.121-90,Solteiro,Empreendedor,49,Não Binário,09/04/2024,Bloqueador,Admin,Testemunha,Time Financeiro
6443,Parceiro,João Santos,Luiza Aduan,Customer Success,Médio,09/04/2024,09/04/2024,+55 (11) 3000-4944,+55 (11) 98440-6781,joão.santos@gmail.com,http://linkedin.com/in/joãosantos,@joãosantos,"Rua Tangará, 132",E-mail,Head,Vendas,Executivo,Executivo,Diretor,741580895,357.951.486-52,Divorciado,Gerente,18,Masculino,09/04/2024,Bloqueador,Campeão,Testemunha,Sem Função de Faturamento
5996,Acionista,Ana Alves,Luiza Aduan,Customer Success,Médio,09/04/2024,09/04/2024,+55 (11) 3000-1838,+55 (11) 99167-4189,ana.alves@gmail.com,http://linkedin.com/in/anaalves,@anaalves,"Rua Tangará, 132",Telefone,Gerente,Vendas,Operações,Operações,Head,514838889,123.456.789-09,Divorciado,Gerente,57,Masculino,09/04/2024,Influenciador,Campeão,Testemunha,Time Financeiro
5991,Acionista,Maria Lima,Rafael Giacomini,Onboarding,Alto,09/04/2024,09/04/2024,+55 (11) 3000-9341,+55 (11) 98822-9193,maria.lima@gmail.com,http://linkedin.com/in/marialima,@marialima,"Rua Tangará, 132",E-mail,Coordenador,Tecnologia,Desenvolvimento,Desenvolvimento,Gerente,866213410,987.654.321-00,Viúvo,Empreendedor,56,Não Binário,09/04/2024,Influenciador,Admin,Testemunha,Time Financeiro
4903,Parceiro,Luiz Alves,Rafael Giacomini,Onboarding,Médio,09/04/2024,09/04/2024,+55 (11) 3000-9311,+55 (11) 99696-9351,luiz.alves@gmail.com,http://linkedin.com/in/luizalves,@luizalves,"Rua Tangará, 132",Whatsapp,Gerente,Vendas,Executivo,Executivo,Head,975903641,111.222.333-96,Casado,Administrador,55,Feminino,09/04/2024,Tomador de Decisão,Usuário,Testemunha,Time Financeiro
3729,Parceiro,Patrícia Gomes,Alexandre Bazzi,Vendas,Alto,09/04/2024,09/04/2024,+55 (11) 3000-8871,+55 (11) 98349-9589,patrícia.gomes@gmail.com,http://linkedin.com/in/patríciagomes,@patríciagomes,"Rua Tangará, 132",Whatsapp,Gerente,Marketing,Operações,Operações,Head,714792641,000.111.222-85,Viúvo,Economista,44,Masculino,09/04/2024,Bloqueador,Usuário,Signatário,Time Financeiro
7727,Parceiro,Márcia Gomes,Alexandre Bazzi,Vendas,Baixo,09/04/2024,09/04/2024,+55 (11) 3000-2020,+55 (11) 99445-3262,márcia.gomes@gmail.com,http://linkedin.com/in/márciagomes,@márciagomes,"Rua Tangará, 132",Telefone,C-Level,Vendas,Executivo,Executivo,CEO,664226794,456.789.123-64,Separado,Economista,52,Feminino,09/04/2024,Bloqueador,Usuário,Testemunha,Responsável pelo Financeiro
9144,Outros,Bruno Rodrigues,Luiza Aduan,Customer Success,Alto,09/04/2024,09/04/2024,+55 (11) 3000-5876,+55 (11) 99579-5735,bruno.rodrigues@gmail.com,http://linkedin.com/in/brunorodrigues,@brunorodrigues,"Rua Tangará, 132",Telefone,Coordenador,Vendas,Executivo,Executivo,Gerente,474524558,321.654.987-91,Divorciado,Engenheiro,54,Não Binário,09/04/2024,Bloqueador,Admin,Testemunha,Responsável pelo Financeiro
4713,Parceiro,Rafael Silva,Luiza Aduan,Customer Success,Alto,09/04/2024,09/04/2024,+55 (11) 3000-6674,+55 (11) 99892-8247,rafael.silva@gmail.com,http://linkedin.com/in/rafaelsilva,@rafaelsilva,"Rua Tangará, 132",Telefone,Analista,Marketing,Desenvolvimento,Desenvolvimento,Coordenador,989006374,654.321.789-82,Divorciado,Empreendedor,24,Não Binário,09/04/2024,Influenciador,Campeão,Signatário,Sem Função de Faturamento
3815,Cliente,Márcia Souza,Rafael Giacomini,Onboarding,Alto,09/04/2024,09/04/2024,+55 (11) 3000-7771,+55 (11) 98676-8739,márcia.souza@gmail.com,http://linkedin.com/in/márciasouza,@márciasouza,"Rua Tangará, 132",E-mail,Coordenador,Tecnologia,Desenvolvimento,Desenvolvimento,Gerente,536913550,159.357.486-06,Solteiro,Economista,38,Feminino,09/04/2024,Tomador de Decisão,Campeão,Testemunha,Sem Função de Faturamento
612,Cliente,Bruno Lima,Alexandre Bazzi,Vendas,Médio,09/04/2024,09/04/2024,+55 (11) 3000-3880,+55 (11) 99912-1595,bruno.lima@gmail.com,http://linkedin.com/in/brunolima,@brunolima,"Rua Tangará, 132",Whatsapp,Gerente,Marketing,Planejamento,Planejamento,Head,140229006,246.810.121-90,Casado,Economista,36,Feminino,09/04/2024,Bloqueador,Campeão,Testemunha,Time Financeiro
1846,Fornecedor,Carlos Souza,Alexandre Bazzi,Vendas,Alto,09/04/2024,09/04/2024,+55 (11) 3000-8518,+55 (11) 99327-5215,carlos.souza@gmail.com,http://linkedin.com/in/carlossouza,@carlossouza,"Rua Tangará, 132",Telefone,C-Level,Vendas,Planejamento,Planejamento,CEO,709650444,357.951.486-52,Separado,Administrador,45,Não Binário,09/04/2024,Bloqueador,Campeão,Testemunha,Sem Função de Faturamento