ID,ID,ID,ID,Nome da Empresa,Nome da Empresa,Nome da Empresa,Nome da Empresa,Segmento,Segmento,Segmento,Segmento,Data de Cadastro,Data de Cadastro,Data de Cadastro,Data de Cadastro,Número de Funcionários,Número de Funcionários,Número de Funcionários,Número de Funcionários,Faturamento Anual,Faturamento Anual,Faturamento Anual,Faturamento Anual,Valor Total do Contrato,Valor Total do Contrato,Valor Total do Contrato,Valor Total do Contrato,MRR,MRR,MRR,MRR
0001,0001,0001,0001,Padaria Pão Dourado LTDA,Padaria Pão Dourado LTDA,Padaria Pão Dourado LTDA,Padaria Pão Dourado LTDA,Alimentos e Bebidas,Alimentos e Bebidas,Alimentos e Bebidas,Alimentos e Bebidas,03/08/2021,03/08/2021,03/08/2021,03/08/2021,11-100,81,11-100,81,Até R$360.000,"R$94.592,40",Até R$360.000,"R$94.592,40",212143,"R$212.143,75",212143,"R$212.143,75",17678,"R$17.678,65",17678,"R$17.678,65"
0002,0002,0002,0002,Construtora Solidez ME,Construtora Solidez ME,Construtora Solidez ME,Construtora Solidez ME,Construção Civil,Construção Civil,Construção Civil,Construção Civil,10/02/2021,10-02-2021,10/02/2021,10-02-2021,101-500,214,101-500,214,Até R$360.000,"R$270.256,14",Até R$360.000,"R$270.256,14",13656,"R$13.656,39",13656,"R$13.656,39",1138,"R$1.138,03",1138,"R$1.138,03"
0003,0003,0003,0003,Cantina Delícia SA,Cantina Delícia SA,Cantina Delícia SA,Cantina Delícia SA,Alimentos e Bebidas,Alimentos e Bebidas,Alimentos e Bebidas,Alimentos e Bebidas,27/12/2022,2022-12-27,27/12/2022,2022-12-27,101-500,114,101-500,114,Até R$360.000,"R$148.364,23",Até R$360.000,"R$148.364,23",494467,"R$494.467,10",494467,"R$494.467,10",41205,"R$41.205,59",41205,"R$41.205,59"
0004,0004,0004,0004,Faculdade Horizonte ME,Faculdade Horizonte ME,Faculdade Horizonte ME,Faculdade Horizonte ME,Educação,Educação,Educação,Educação,17/11/2022,17/11/2022,17/11/2022,17/11/2022,101-500,128,101-500,128,R$360.000 - R$4.800.000,"R$489.744,33",R$360.000 - R$4.800.000,"R$489.744,33",438228,"R$438.228,93",438228,"R$438.228,93",36519,"R$36.519,08",36519,"R$36.519,08"
0005,0005,0005,0005,Finança Ágil ME,Finança Ágil ME,Finança Ágil ME,Finança Ágil ME,Financeiro,Financeiro,Financeiro,Financeiro,28/02/2021,"February 28, 2021",28/02/2021,"February 28, 2021",101-500,473,101-500,473,Até R$360.000,"R$166.413,01",Até R$360.000,"R$166.413,01",79126,"R$79.126,20",79126,"R$79.126,20",6593,"R$6.593,85",6593,"R$6.593,85"
0006,0006,0006,0006,Mercado Bom Gosto EIRELI,Mercado Bom Gosto EIRELI,Mercado Bom Gosto EIRELI,Mercado Bom Gosto EIRELI,Alimentos e Bebidas,Alimentos e Bebidas,Alimentos e Bebidas,Alimentos e Bebidas,02/05/2020,02-05-2020,02/05/2020,02-05-2020,101-500,304,101-500,304,R$360.000 - R$4.800.000,"R$498.926,37",R$360.000 - R$4.800.000,"R$498.926,37",456425,"R$456.425,55",456425,"R$456.425,55",38035,"R$38.035,46",38035,"R$38.035,46"
0007,0007,0007,0007,Confecções Vestir Bem LTDA,Confecções Vestir Bem LTDA,Confecções Vestir Bem LTDA,Confecções Vestir Bem LTDA,Moda e Vestuário,Moda e Vestuário,Moda e Vestuário,Moda e Vestuário,19/06/2024,19/06/2024,19/06/2024,19/06/2024,101-500,461,101-500,461,Até R$360.000,"R$185.693,10",Até R$360.000,"R$185.693,10",475608,"R$475.608,80",475608,"R$475.608,80",39634,"R$39.634,07",39634,"R$39.634,07"
0008,0008,0008,0008,LogisService EIRELI,LogisService EIRELI,LogisService EIRELI,LogisService EIRELI,Logística e Transporte,Logística e Transporte,Logística e Transporte,Logística e Transporte,30/05/2024,"May 30, 2024",30/05/2024,"May 30, 2024",101-500,168,101-500,168,R$360.000 - R$4.800.000,"R$497.273,88",R$360.000 - R$4.800.000,"R$497.273,88",268977,"R$268.977,39",268977,"R$268.977,39",22414,"R$22.414,78",22414,"R$22.414,78"
0009,0009,0009,0009,Confecções Vestir Bem SA,Confecções Vestir Bem SA,Confecções Vestir Bem SA,Confecções Vestir Bem SA,Moda e Vestuário,Moda e Vestuário,Moda e Vestuário,Moda e Vestuário,27/02/2023,"February 27, 2023",27/02/2023,"February 27, 2023",101-500,117,101-500,117,Até R$360.000,"R$107.008,34",Até R$360.000,"R$107.008,34",489439,"R$489.439,08",489439,"R$489.439,08",40786,"R$40.786,59",40786,"R$40.786,59"
0010,0010,0010,0010,Cargas & Fretes Seguros SA,Cargas & Fretes Seguros SA,Cargas & Fretes Seguros SA,Cargas & Fretes Seguros SA,Logística e Transporte,Logística e Transporte,Logística e Transporte,Logística e Transporte,15/08/2020,15-08-2020,15/08/2020,15-08-2020,101-500,421,101-500,421,Até R$360.000,"R$305.524,00",Até R$360.000,"R$305.524,00",243014,"R$243.014,49",243014,"R$243.014,49",20251,"R$20.251,21",20251,"R$20.251,21"
0011,0011,0011,0011,Banco Valor Seguro SA,Banco Valor Seguro SA,Banco Valor Seguro SA,Banco Valor Seguro SA,Financeiro,Financeiro,Financeiro,Financeiro,29/10/2020,"October 29, 2020",29/10/2020,"October 29, 2020",101-500,375,101-500,375,Até R$360.000,"R$58.913,19",Até R$360.000,"R$58.913,19",78832,"R$78.832,74",78832,"R$78.832,74",6569,"R$6.569,40",6569,"R$6.569,40"
0012,0012,0012,0012,InfoCloud EIRELI,InfoCloud EIRELI,InfoCloud EIRELI,InfoCloud EIRELI,Tecnologia,Tecnologia,Tecnologia,Tecnologia,15/12/2021,15/12/2021,15/12/2021,15/12/2021,101-500,415,101-500,415,R$360.000 - R$4.800.000,"R$380.059,69",R$360.000 - R$4.800.000,"R$380.059,69",337200,"R$337.200,81",337200,"R$337.200,81",28100,"R$28.100,07",28100,"R$28.100,07"
0013,0013,0013,0013,Transportadora Rápido Expresso EIRELI,Transportadora Rápido Expresso EIRELI,Transportadora Rápido Expresso EIRELI,Transportadora Rápido Expresso EIRELI,Logística e Transporte,Logística e Transporte,Logística e Transporte,Logística e Transporte,02/01/2025,2025-02-01,02/01/2025,2025-02-01,101-500,328,101-500,328,Até R$360.000,"R$311.207,15",Até R$360.000,"R$311.207,15",366964,"R$366.964,15",366964,"R$366.964,15",30580,"R$30.580,35",30580,"R$30.580,35"
0014,0014,0014,0014,Colégio Evoluir SA,Colégio Evoluir SA,Colégio Evoluir SA,Colégio Evoluir SA,Educação,Educação,Educação,Educação,29/09/2023,29-09-2023,29/09/2023,29-09-2023,6-10,9,6-10,9,Até R$360.000,"R$344.430,72",Até R$360.000,"R$344.430,72",107708,"R$107.708,38",107708,"R$107.708,38",8975,"R$8.975,70",8975,"R$8.975,70"
0015,0015,0015,0015,Cantina Delícia SA,Cantina Delícia SA,Cantina Delícia SA,Cantina Delícia SA,Alimentos e Bebidas,Alimentos e Bebidas,Alimentos e Bebidas,Alimentos e Bebidas,12/02/2022,2022-12-02,12/02/2022,2022-12-02,101-500,271,101-500,271,Até R$360.000,"R$25.593,79",Até R$360.000,"R$25.593,79",74216,"R$74.216,80",74216,"R$74.216,80",6184,"R$6.184,73",6184,"R$6.184,73"
0016,0016,0016,0016,Instituto Conhecer LTDA,Instituto Conhecer LTDA,Instituto Conhecer LTDA,Instituto Conhecer LTDA,Educação,Educação,Educação,Educação,31/12/2021,31/12/2021,31/12/2021,31/12/2021,101-500,314,101-500,314,R$360.000 - R$4.800.000,"R$463.423,45",R$360.000 - R$4.800.000,"R$463.423,45",385098,"R$385.098,11",385098,"R$385.098,11",32091,"R$32.091,51",32091,"R$32.091,51"
0017,0017,0017,0017,Hotelaria Conforto Total SA,Hotelaria Conforto Total SA,Hotelaria Conforto Total SA,Hotelaria Conforto Total SA,Turismo,Turismo,Turismo,Turismo,19/10/2020,2020-10-19,19/10/2020,2020-10-19,101-500,411,101-500,411,R$360.000 - R$4.800.000,"R$428.115,54",R$360.000 - R$4.800.000,"R$428.115,54",395993,"R$395.993,57",395993,"R$395.993,57",32999,"R$32.999,46",32999,"R$32.999,46"
0018,0018,0018,0018,Finança Ágil SA,Finança Ágil SA,Finança Ágil SA,Finança Ágil SA,Financeiro,Financeiro,Financeiro,Financeiro,16/11/2023,16/11/2023,16/11/2023,16/11/2023,11-100,58,11-100,58,Até R$360.000,"R$188.386,78",Até R$360.000,"R$188.386,78",416680,"R$416.680,53",416680,"R$416.680,53",34723,"R$34.723,38",34723,"R$34.723,38"
0019,0019,0019,0019,Revenda AutoTop LTDA,Revenda AutoTop LTDA,Revenda AutoTop LTDA,Revenda AutoTop LTDA,Automotivo,Automotivo,Automotivo,Automotivo,23/12/2022,23/12/2022,23/12/2022,23/12/2022,11-100,31,11-100,31,Até R$360.000,"R$13.312,90",Até R$360.000,"R$13.312,90",314371,"R$314.371,99",314371,"R$314.371,99",26197,"R$26.197,67",26197,"R$26.197,67"
0020,0020,0020,0020,Confecções Vestir Bem LTDA,Confecções Vestir Bem LTDA,Confecções Vestir Bem LTDA,Confecções Vestir Bem LTDA,Moda e Vestuário,Moda e Vestuário,Moda e Vestuário,Moda e Vestuário,07/03/2024,07-03-2024,07/03/2024,07-03-2024,101-500,452,101-500,452,R$360.000 - R$4.800.000,"R$445.909,42",R$360.000 - R$4.800.000,"R$445.909,42",365423,"R$365.423,68",365423,"R$365.423,68",30451,"R$30.451,97",30451,"R$30.451,97"
0021,0021,0021,0021,Banco Valor Seguro SA,Banco Valor Seguro SA,Banco Valor Seguro SA,Banco Valor Seguro SA,Financeiro,Financeiro,Financeiro,Financeiro,10/07/2024,10/07/2024,10/07/2024,10/07/2024,101-500,466,101-500,466,Até R$360.000,"R$105.281,49",Até R$360.000,"R$105.281,49",153091,"R$153.091,68",153091,"R$153.091,68",12757,"R$12.757,64",12757,"R$12.757,64"
0022,0022,0022,0022,Obra Certa Construções LTDA,Obra Certa Construções LTDA,Obra Certa Construções LTDA,Obra Certa Construções LTDA,Construção Civil,Construção Civil,Construção Civil,Construção Civil,10/10/2021,10-10-2021,10/10/2021,10-10-2021,1-5,5,1-5,5,Até R$360.000,"R$286.869,88",Até R$360.000,"R$286.869,88",440117,"R$440.117,34",440117,"R$440.117,34",36676,"R$36.676,45",36676,"R$36.676,45"
0023,0023,0023,0023,Construtora Solidez ME,Construtora Solidez ME,Construtora Solidez ME,Construtora Solidez ME,Construção Civil,Construção Civil,Construção Civil,Construção Civil,29/04/2022,29/04/2022,29/04/2022,29/04/2022,101-500,120,101-500,120,R$360.000 - R$4.800.000,"R$365.115,84",R$360.000 - R$4.800.000,"R$365.115,84",186753,"R$186.753,73",186753,"R$186.753,73",15562,"R$15.562,81",15562,"R$15.562,81"
0024,0024,0024,0024,Revenda AutoTop EIRELI,Revenda AutoTop EIRELI,Revenda AutoTop EIRELI,Revenda AutoTop EIRELI,Automotivo,Automotivo,Automotivo,Automotivo,07/12/2023,07/12/2023,07/12/2023,07/12/2023,101-500,320,101-500,320,Até R$360.000,"R$175.366,38",Até R$360.000,"R$175.366,38",262313,"R$262.313,02",262313,"R$262.313,02",21859,"R$21.859,42",21859,"R$21.859,42"
0025,0025,0025,0025,Mercado Bom Gosto LTDA,Mercado Bom Gosto LTDA,Mercado Bom Gosto LTDA,Mercado Bom Gosto LTDA,Alimentos e Bebidas,Alimentos e Bebidas,Alimentos e Bebidas,Alimentos e Bebidas,16/10/2024,16-10-2024,16/10/2024,16-10-2024,101-500,302,101-500,302,R$360.000 - R$4.800.000,"R$374.812,78",R$360.000 - R$4.800.000,"R$374.812,78",337391,"R$337.391,83",337391,"R$337.391,83",28115,"R$28.115,99",28115,"R$28.115,99"
0026,0026,0026,0026,Clínica Vida Plena ME,Clínica Vida Plena ME,Clínica Vida Plena ME,Clínica Vida Plena ME,Saúde,Saúde,Saúde,Saúde,10/11/2020,10/11/2020,10/11/2020,10/11/2020,101-500,318,101-500,318,Até R$360.000,"R$34.238,95",Até R$360.000,"R$34.238,95",41057,"R$41.057,94",41057,"R$41.057,94",3421,"R$3.421,50",3421,"R$3.421,50"
0027,0027,0027,0027,Mercado Bom Gosto LTDA,Mercado Bom Gosto LTDA,Mercado Bom Gosto LTDA,Mercado Bom Gosto LTDA,Alimentos e Bebidas,Alimentos e Bebidas,Alimentos e Bebidas,Alimentos e Bebidas,18/03/2021,"March 18, 2021",18/03/2021,"March 18, 2021",101-500,425,101-500,425,Até R$360.000,"R$279.440,87",Até R$360.000,"R$279.440,87",380250,"R$380.250,65",380250,"R$380.250,65",31687,"R$31.687,55",31687,"R$31.687,55"
0028,0028,0028,0028,Cantina Delícia SA,Cantina Delícia SA,Cantina Delícia SA,Cantina Delícia SA,Alimentos e Bebidas,Alimentos e Bebidas,Alimentos e Bebidas,Alimentos e Bebidas,27/06/2020,"June 27, 2020",27/06/2020,"June 27, 2020",101-500,479,101-500,479,Até R$360.000,"R$141.080,89",Até R$360.000,"R$141.080,89",104120,"R$104.120,44",104120,"R$104.120,44",8676,"R$8.676,70",8676,"R$8.676,70"
0029,0029,0029,0029,Bistrô Sabores da Casa ME,Bistrô Sabores da Casa ME,Bistrô Sabores da Casa ME,Bistrô Sabores da Casa ME,Alimentos e Bebidas,Alimentos e Bebidas,Alimentos e Bebidas,Alimentos e Bebidas,10/05/2024,"May 10, 2024",10/05/2024,"May 10, 2024",101-500,475,101-500,475,Até R$360.000,"R$78.269,89",Até R$360.000,"R$78.269,89",499784,"R$499.784,54",499784,"R$499.784,54",41648,"R$41.648,71",41648,"R$41.648,71"
0030,0030,0030,0030,Distribuidora Caminho Certo ME,Distribuidora Caminho Certo ME,Distribuidora Caminho Certo ME,Distribuidora Caminho Certo ME,Logística e Transporte,Logística e Transporte,Logística e Transporte,Logística e Transporte,27/01/2024,2024-01-27,27/01/2024,2024-01-27,101-500,275,101-500,275,R$360.000 - R$4.800.000,"R$458.168,72",R$360.000 - R$4.800.000,"R$458.168,72",185994,"R$185.994,98",185994,"R$185.994,98",15499,"R$15.499,58",15499,"R$15.499,58"
0031,0031,0031,0031,Clínica Vida Plena EIRELI,Clínica Vida Plena EIRELI,Clínica Vida Plena EIRELI,Clínica Vida Plena EIRELI,Saúde,Saúde,Saúde,Saúde,02/02/2021,02/02/2021,02/02/2021,02/02/2021,101-500,286,101-500,286,R$360.000 - R$4.800.000,"R$371.244,78",R$360.000 - R$4.800.000,"R$371.244,78",319163,"R$319.163,95",319163,"R$319.163,95",26597,"R$26.597,00",26597,"R$26.597,00"
0032,0032,0032,0032,Edifica Fácil EIRELI,Edifica Fácil EIRELI,Edifica Fácil EIRELI,Edifica Fácil EIRELI,Construção Civil,Construção Civil,Construção Civil,Construção Civil,19/02/2021,19/02/2021,19/02/2021,19/02/2021,101-500,118,101-500,118,Até R$360.000,"R$332.337,46",Até R$360.000,"R$332.337,46",152987,"R$152.987,02",152987,"R$152.987,02",12748,"R$12.748,92",12748,"R$12.748,92"
0033,0033,0033,0033,Casa Forte Engenharia ME,Casa Forte Engenharia ME,Casa Forte Engenharia ME,Casa Forte Engenharia ME,Construção Civil,Construção Civil,Construção Civil,Construção Civil,17/10/2021,2021-10-17,17/10/2021,2021-10-17,101-500,412,101-500,412,Até R$360.000,"R$62.210,79",Até R$360.000,"R$62.210,79",450266,"R$450.266,00",450266,"R$450.266,00",37522,"R$37.522,17",37522,"R$37.522,17"
0034,0034,0034,0034,Viagens Mundo Afora LTDA,Viagens Mundo Afora LTDA,Viagens Mundo Afora LTDA,Viagens Mundo Afora LTDA,Turismo,Turismo,Turismo,Turismo,13/09/2022,2022-09-13,13/09/2022,2022-09-13,101-500,105,101-500,105,Até R$360.000,"R$311.999,46",Até R$360.000,"R$311.999,46",287115,"R$287.115,10",287115,"R$287.115,10",23926,"R$23.926,26",23926,"R$23.926,26"
0035,0035,0035,0035,Agência Destinos ME,Agência Destinos ME,Agência Destinos ME,Agência Destinos ME,Turismo,Turismo,Turismo,Turismo,17/09/2022,17/09/2022,17/09/2022,17/09/2022,11-100,87,11-100,87,Até R$360.000,"R$202.510,12",Até R$360.000,"R$202.510,12",398828,"R$398.828,59",398828,"R$398.828,59",33235,"R$33.235,72",33235,"R$33.235,72"
0036,0036,0036,0036,Logística Ponto a Ponto ME,Logística Ponto a Ponto ME,Logística Ponto a Ponto ME,Logística Ponto a Ponto ME,Logística e Transporte,Logística e Transporte,Logística e Transporte,Logística e Transporte,03/01/2023,03-01-2023,03/01/2023,03-01-2023,101-500,106,101-500,106,Até R$360.000,"R$37.817,79",Até R$360.000,"R$37.817,79",495114,"R$495.114,90",495114,"R$495.114,90",41259,"R$41.259,58",41259,"R$41.259,58"
0037,0037,0037,0037,Distribuidora Caminho Certo LTDA,Distribuidora Caminho Certo LTDA,Distribuidora Caminho Certo LTDA,Distribuidora Caminho Certo LTDA,Logística e Transporte,Logística e Transporte,Logística e Transporte,Logística e Transporte,25/07/2023,25/07/2023,25/07/2023,25/07/2023,101-500,309,101-500,309,R$360.000 - R$4.800.000,"R$415.257,18",R$360.000 - R$4.800.000,"R$415.257,18",242041,"R$242.041,10",242041,"R$242.041,10",20170,"R$20.170,09",20170,"R$20.170,09"
0038,0038,0038,0038,Escola Saber Mais ME,Escola Saber Mais ME,Escola Saber Mais ME,Escola Saber Mais ME,Educação,Educação,Educação,Educação,03/04/2021,03/04/2021,03/04/2021,03/04/2021,101-500,380,101-500,380,R$360.000 - R$4.800.000,"R$462.326,32",R$360.000 - R$4.800.000,"R$462.326,32",136573,"R$136.573,42",136573,"R$136.573,42",11381,"R$11.381,12",11381,"R$11.381,12"
0039,0039,0039,0039,Casa Forte Engenharia SA,Casa Forte Engenharia SA,Casa Forte Engenharia SA,Casa Forte Engenharia SA,Construção Civil,Construção Civil,Construção Civil,Construção Civil,29/10/2021,"October 29, 2021",29/10/2021,"October 29, 2021",101-500,276,101-500,276,Até R$360.000,"R$64.799,81",Até R$360.000,"R$64.799,81",69323,"R$69.323,07",69323,"R$69.323,07",5776,"R$5.776,92",5776,"R$5.776,92"
0040,0040,0040,0040,Base Segura Ltda ME,Base Segura Ltda ME,Base Segura Ltda ME,Base Segura Ltda ME,Construção Civil,Construção Civil,Construção Civil,Construção Civil,09/12/2023,09/12/2023,09/12/2023,09/12/2023,101-500,219,101-500,219,Até R$360.000,"R$276.010,01",Até R$360.000,"R$276.010,01",494477,"R$494.477,52",494477,"R$494.477,52",41206,"R$41.206,46",41206,"R$41.206,46"
0041,0041,0041,0041,Viagens Mundo Afora SA,Viagens Mundo Afora SA,Viagens Mundo Afora SA,Viagens Mundo Afora SA,Turismo,Turismo,Turismo,Turismo,17/08/2021,"August 17, 2021",17/08/2021,"August 17, 2021",101-500,154,101-500,154,Até R$360.000,"R$19.049,36",Até R$360.000,"R$19.049,36",311851,"R$311.851,62",311851,"R$311.851,62",25987,"R$25.987,64",25987,"R$25.987,64"
0042,0042,0042,0042,Finança Ágil LTDA,Finança Ágil LTDA,Finança Ágil LTDA,Finança Ágil LTDA,Financeiro,Financeiro,Financeiro,Financeiro,28/01/2025,28/01/2025,28/01/2025,28/01/2025,101-500,367,101-500,367,Até R$360.000,"R$302.801,98",Até R$360.000,"R$302.801,98",79873,"R$79.873,53",79873,"R$79.873,53",6656,"R$6.656,13",6656,"R$6.656,13"
0043,0043,0043,0043,Instituto Conhecer LTDA,Instituto Conhecer LTDA,Instituto Conhecer LTDA,Instituto Conhecer LTDA,Educação,Educação,Educação,Educação,02/06/2025,2025-02-06,02/06/2025,2025-02-06,101-500,453,101-500,453,Até R$360.000,"R$137.002,91",Até R$360.000,"R$137.002,91",457061,"R$457.061,81",457061,"R$457.061,81",38088,"R$38.088,48",38088,"R$38.088,48"
0044,0044,0044,0044,Base Segura Ltda LTDA,Base Segura Ltda LTDA,Base Segura Ltda LTDA,Base Segura Ltda LTDA,Construção Civil,Construção Civil,Construção Civil,Construção Civil,13/06/2023,13-06-2023,13/06/2023,13-06-2023,11-100,91,11-100,91,Até R$360.000,"R$38.479,93",Até R$360.000,"R$38.479,93",117290,"R$117.290,49",117290,"R$117.290,49",9774,"R$9.774,21",9774,"R$9.774,21"
0045,0045,0045,0045,Hotelaria Conforto Total SA,Hotelaria Conforto Total SA,Hotelaria Conforto Total SA,Hotelaria Conforto Total SA,Turismo,Turismo,Turismo,Turismo,15/12/2021,15-12-2021,15/12/2021,15-12-2021,101-500,202,101-500,202,R$360.000 - R$4.800.000,"R$448.826,90",R$360.000 - R$4.800.000,"R$448.826,90",248068,"R$248.068,54",248068,"R$248.068,54",20672,"R$20.672,38",20672,"R$20.672,38"
0046,0046,0046,0046,Hotelaria Conforto Total LTDA,Hotelaria Conforto Total LTDA,Hotelaria Conforto Total LTDA,Hotelaria Conforto Total LTDA,Turismo,Turismo,Turismo,Turismo,06/09/2021,06-09-2021,06/09/2021,06-09-2021,101-500,293,101-500,293,R$360.000 - R$4.800.000,"R$416.800,19",R$360.000 - R$4.800.000,"R$416.800,19",265202,"R$265.202,63",265202,"R$265.202,63",22100,"R$22.100,22",22100,"R$22.100,22"
0047,0047,0047,0047,AutoMecânica Rápida EIRELI,AutoMecânica Rápida EIRELI,AutoMecânica Rápida EIRELI,AutoMecânica Rápida EIRELI,Automotivo,Automotivo,Automotivo,Automotivo,21/02/2023,21/02/2023,21/02/2023,21/02/2023,101-500,401,101-500,401,R$360.000 - R$4.800.000,"R$493.682,82",R$360.000 - R$4.800.000,"R$493.682,82",410287,"R$410.287,97",410287,"R$410.287,97",34190,"R$34.190,66",34190,"R$34.190,66"
0048,0048,0048,0048,Laboratório Precisão EIRELI,Laboratório Precisão EIRELI,Laboratório Precisão EIRELI,Laboratório Precisão EIRELI,Saúde,Saúde,Saúde,Saúde,10/08/2022,10-08-2022,10/08/2022,10-08-2022,101-500,151,101-500,151,Até R$360.000,"R$337.455,60",Até R$360.000,"R$337.455,60",202243,"R$202.243,31",202243,"R$202.243,31",16853,"R$16.853,61",16853,"R$16.853,61"
0049,0049,0049,0049,Carros & Cia ME,Carros & Cia ME,Carros & Cia ME,Carros & Cia ME,Automotivo,Automotivo,Automotivo,Automotivo,03/02/2022,03/02/2022,03/02/2022,03/02/2022,11-100,68,11-100,68,R$360.000 - R$4.800.000,"R$398.036,56",R$360.000 - R$4.800.000,"R$398.036,56",494910,"R$494.910,82",494910,"R$494.910,82",41242,"R$41.242,57",41242,"R$41.242,57"
0050,0050,0050,0050,Confecções Vestir Bem SA,Confecções Vestir Bem SA,Confecções Vestir Bem SA,Confecções Vestir Bem SA,Moda e Vestuário,Moda e Vestuário,Moda e Vestuário,Moda e Vestuário,06/03/2023,"March 06, 2023",06/03/2023,"March 06, 2023",101-500,240,101-500,240,Até R$360.000,"R$303.486,99",Até R$360.000,"R$303.486,99",499726,"R$499.726,62",499726,"R$499.726,62",41643,"R$41.643,89",41643,"R$41.643,89"
0051,0051,0051,0051,Ateliê Elegância LTDA,Ateliê Elegância LTDA,Ateliê Elegância LTDA,Ateliê Elegância LTDA,Moda e Vestuário,Moda e Vestuário,Moda e Vestuário,Moda e Vestuário,18/05/2020,"May 18, 2020",18/05/2020,"May 18, 2020",11-100,57,11-100,57,Até R$360.000,"R$209.149,40",Até R$360.000,"R$209.149,40",334126,"R$334.126,46",334126,"R$334.126,46",27843,"R$27.843,87",27843,"R$27.843,87"
0052,0052,0052,0052,InvestFácil LTDA,InvestFácil LTDA,InvestFácil LTDA,InvestFácil LTDA,Financeiro,Financeiro,Financeiro,Financeiro,20/01/2021,"January 20, 2021",20/01/2021,"January 20, 2021",11-100,89,11-100,89,Até R$360.000,"R$45.720,47",Até R$360.000,"R$45.720,47",153654,"R$153.654,24",153654,"R$153.654,24",12804,"R$12.804,52",12804,"R$12.804,52"
0053,0053,0053,0053,Colégio Evoluir EIRELI,Colégio Evoluir EIRELI,Colégio Evoluir EIRELI,Colégio Evoluir EIRELI,Educação,Educação,Educação,Educação,05/08/2022,"August 05, 2022",05/08/2022,"August 05, 2022",101-500,250,101-500,250,Até R$360.000,"R$152.709,69",Até R$360.000,"R$152.709,69",24764,"R$24.764,39",24764,"R$24.764,39",2063,"R$2.063,70",2063,"R$2.063,70"
0054,0054,0054,0054,Finança Ágil EIRELI,Finança Ágil EIRELI,Finança Ágil EIRELI,Finança Ágil EIRELI,Financeiro,Financeiro,Financeiro,Financeiro,27/07/2021,27-07-2021,27/07/2021,27-07-2021,101-500,299,101-500,299,Até R$360.000,"R$30.290,67",Até R$360.000,"R$30.290,67",426689,"R$426.689,59",426689,"R$426.689,59",35557,"R$35.557,47",35557,"R$35.557,47"
0055,0055,0055,0055,Instituto Conhecer ME,Instituto Conhecer ME,Instituto Conhecer ME,Instituto Conhecer ME,Educação,Educação,Educação,Educação,11/02/2025,"February 11, 2025",11/02/2025,"February 11, 2025",101-500,494,101-500,494,Até R$360.000,"R$58.814,57",Até R$360.000,"R$58.814,57",239152,"R$239.152,82",239152,"R$239.152,82",19929,"R$19.929,40",19929,"R$19.929,40"
0056,0056,0056,0056,Agência Destinos EIRELI,Agência Destinos EIRELI,Agência Destinos EIRELI,Agência Destinos EIRELI,Turismo,Turismo,Turismo,Turismo,02/09/2020,"September 02, 2020",02/09/2020,"September 02, 2020",101-500,109,101-500,109,Até R$360.000,"R$224.275,22",Até R$360.000,"R$224.275,22",401002,"R$401.002,99",401002,"R$401.002,99",33416,"R$33.416,92",33416,"R$33.416,92"
0057,0057,0057,0057,Fashion Prime LTDA,Fashion Prime LTDA,Fashion Prime LTDA,Fashion Prime LTDA,Moda e Vestuário,Moda e Vestuário,Moda e Vestuário,Moda e Vestuário,09/06/2022,"June 09, 2022",09/06/2022,"June 09, 2022",101-500,489,101-500,489,Até R$360.000,"R$173.994,65",Até R$360.000,"R$173.994,65",216864,"R$216.864,40",216864,"R$216.864,40",18072,"R$18.072,03",18072,"R$18.072,03"
0058,0058,0058,0058,CyberNet Systems SA,CyberNet Systems SA,CyberNet Systems SA,CyberNet Systems SA,Tecnologia,Tecnologia,Tecnologia,Tecnologia,29/10/2022,29/10/2022,29/10/2022,29/10/2022,11-100,94,11-100,94,R$360.000 - R$4.800.000,"R$364.060,40",R$360.000 - R$4.800.000,"R$364.060,40",81397,"R$81.397,37",81397,"R$81.397,37",6783,"R$6.783,11",6783,"R$6.783,11"
0059,0059,0059,0059,Escola Saber Mais ME,Escola Saber Mais ME,Escola Saber Mais ME,Escola Saber Mais ME,Educação,Educação,Educação,Educação,10/07/2022,10-07-2022,10/07/2022,10-07-2022,11-100,29,11-100,29,Até R$360.000,"R$338.994,74",Até R$360.000,"R$338.994,74",456870,"R$456.870,09",456870,"R$456.870,09",38072,"R$38.072,51",38072,"R$38.072,51"
0060,0060,0060,0060,InvestFácil SA,InvestFácil SA,InvestFácil SA,InvestFácil SA,Financeiro,Financeiro,Financeiro,Financeiro,15/08/2021,15/08/2021,15/08/2021,15/08/2021,101-500,249,101-500,249,Até R$360.000,"R$45.088,99",Até R$360.000,"R$45.088,99",168907,"R$168.907,87",168907,"R$168.907,87",14075,"R$14.075,66",14075,"R$14.075,66"
0061,0061,0061,0061,Escola Saber Mais ME,Escola Saber Mais ME,Escola Saber Mais ME,Escola Saber Mais ME,Educação,Educação,Educação,Educação,18/06/2024,18/06/2024,18/06/2024,18/06/2024,101-500,264,101-500,264,Até R$360.000,"R$104.501,41",Até R$360.000,"R$104.501,41",63259,"R$63.259,83",63259,"R$63.259,83",5271,"R$5.271,65",5271,"R$5.271,65"
0062,0062,0062,0062,Oficina Motor Forte EIRELI,Oficina Motor Forte EIRELI,Oficina Motor Forte EIRELI,Oficina Motor Forte EIRELI,Automotivo,Automotivo,Automotivo,Automotivo,21/12/2022,21/12/2022,21/12/2022,21/12/2022,101-500,431,101-500,431,R$360.000 - R$4.800.000,"R$461.855,05",R$360.000 - R$4.800.000,"R$461.855,05",13607,"R$13.607,50",13607,"R$13.607,50",1133,"R$1.133,96",1133,"R$1.133,96"
0063,0063,0063,0063,Moda Urbana LTDA,Moda Urbana LTDA,Moda Urbana LTDA,Moda Urbana LTDA,Moda e Vestuário,Moda e Vestuário,Moda e Vestuário,Moda e Vestuário,07/11/2020,"November 07, 2020",07/11/2020,"November 07, 2020",11-100,61,11-100,61,Até R$360.000,"R$100.825,68",Até R$360.000,"R$100.825,68",233068,"R$233.068,57",233068,"R$233.068,57",19422,"R$19.422,38",19422,"R$19.422,38"
0064,0064,0064,0064,Moda Urbana SA,Moda Urbana SA,Moda Urbana SA,Moda Urbana SA,Moda e Vestuário,Moda e Vestuário,Moda e Vestuário,Moda e Vestuário,20/03/2024,2024-03-20,20/03/2024,2024-03-20,101-500,448,101-500,448,Até R$360.000,"R$316.573,11",Até R$360.000,"R$316.573,11",63462,"R$63.462,19",63462,"R$63.462,19",5288,"R$5.288,52",5288,"R$5.288,52"
0065,0065,0065,0065,Moda Urbana ME,Moda Urbana ME,Moda Urbana ME,Moda Urbana ME,Moda e Vestuário,Moda e Vestuário,Moda e Vestuário,Moda e Vestuário,17/05/2024,17-05-2024,17/05/2024,17-05-2024,101-500,350,101-500,350,Até R$360.000,"R$61.864,32",Até R$360.000,"R$61.864,32",73609,"R$73.609,45",73609,"R$73.609,45",6134,"R$6.134,12",6134,"R$6.134,12"
0066,0066,0066,0066,Mercado Bom Gosto SA,Mercado Bom Gosto SA,Mercado Bom Gosto SA,Mercado Bom Gosto SA,Alimentos e Bebidas,Alimentos e Bebidas,Alimentos e Bebidas,Alimentos e Bebidas,11/05/2021,"May 11, 2021",11/05/2021,"May 11, 2021",101-500,342,101-500,342,Até R$360.000,"R$16.483,47",Até R$360.000,"R$16.483,47",371816,"R$371.816,70",371816,"R$371.816,70",30984,"R$30.984,73",30984,"R$30.984,73"
0067,0067,0067,0067,DataLink TI ME,DataLink TI ME,DataLink TI ME,DataLink TI ME,Tecnologia,Tecnologia,Tecnologia,Tecnologia,03/12/2024,2024-03-12,03/12/2024,2024-03-12,101-500,481,101-500,481,Até R$360.000,"R$121.348,02",Até R$360.000,"R$121.348,02",447509,"R$447.509,43",447509,"R$447.509,43",37292,"R$37.292,45",37292,"R$37.292,45"
0068,0068,0068,0068,Cargas & Fretes Seguros EIRELI,Cargas & Fretes Seguros EIRELI,Cargas & Fretes Seguros EIRELI,Cargas & Fretes Seguros EIRELI,Logística e Transporte,Logística e Transporte,Logística e Transporte,Logística e Transporte,18/07/2021,2021-07-18,18/07/2021,2021-07-18,101-500,114,101-500,114,R$360.000 - R$4.800.000,"R$461.901,47",R$360.000 - R$4.800.000,"R$461.901,47",36097,"R$36.097,78",36097,"R$36.097,78",3008,"R$3.008,15",3008,"R$3.008,15"
0069,0069,0069,0069,Transportadora Rápido Expresso LTDA,Transportadora Rápido Expresso LTDA,Transportadora Rápido Expresso LTDA,Transportadora Rápido Expresso LTDA,Logística e Transporte,Logística e Transporte,Logística e Transporte,Logística e Transporte,05/12/2023,"December 05, 2023",05/12/2023,"December 05, 2023",101-500,407,101-500,407,Até R$360.000,"R$187.282,80",Até R$360.000,"R$187.282,80",141226,"R$141.226,76",141226,"R$141.226,76",11768,"R$11.768,90",11768,"R$11.768,90"
0070,0070,0070,0070,Turismo Fácil EIRELI,Turismo Fácil EIRELI,Turismo Fácil EIRELI,Turismo Fácil EIRELI,Turismo,Turismo,Turismo,Turismo,01/04/2020,"April 01, 2020",01/04/2020,"April 01, 2020",101-500,461,101-500,461,R$360.000 - R$4.800.000,"R$455.195,24",R$360.000 - R$4.800.000,"R$455.195,24",203316,"R$203.316,10",203316,"R$203.316,10",16943,"R$16.943,01",16943,"R$16.943,01"
0071,0071,0071,0071,Confecções Vestir Bem SA,Confecções Vestir Bem SA,Confecções Vestir Bem SA,Confecções Vestir Bem SA,Moda e Vestuário,Moda e Vestuário,Moda e Vestuário,Moda e Vestuário,22/07/2021,22-07-2021,22/07/2021,22-07-2021,101-500,339,101-500,339,R$360.000 - R$4.800.000,"R$382.368,31",R$360.000 - R$4.800.000,"R$382.368,31",75600,"R$75.600,02",75600,"R$75.600,02",6300,"R$6.300,00",6300,"R$6.300,00"
0072,0072,0072,0072,Construtora Solidez ME,Construtora Solidez ME,Construtora Solidez ME,Construtora Solidez ME,Construção Civil,Construção Civil,Construção Civil,Construção Civil,26/02/2021,26-02-2021,26/02/2021,26-02-2021,101-500,281,101-500,281,R$360.000 - R$4.800.000,"R$377.272,20",R$360.000 - R$4.800.000,"R$377.272,20",389864,"R$389.864,86",389864,"R$389.864,86",32488,"R$32.488,74",32488,"R$32.488,74"
0073,0073,0073,0073,LogisService LTDA,LogisService LTDA,LogisService LTDA,LogisService LTDA,Logística e Transporte,Logística e Transporte,Logística e Transporte,Logística e Transporte,13/08/2024,2024-08-13,13/08/2024,2024-08-13,11-100,17,11-100,17,Até R$360.000,"R$201.693,36",Até R$360.000,"R$201.693,36",452438,"R$452.438,66",452438,"R$452.438,66",37703,"R$37.703,22",37703,"R$37.703,22"
0074,0074,0074,0074,Centro Médico Bem-Estar LTDA,Centro Médico Bem-Estar LTDA,Centro Médico Bem-Estar LTDA,Centro Médico Bem-Estar LTDA,Saúde,Saúde,Saúde,Saúde,22/01/2023,2023-01-22,22/01/2023,2023-01-22,101-500,300,101-500,300,Até R$360.000,"R$81.514,08",Até R$360.000,"R$81.514,08",363635,"R$363.635,67",363635,"R$363.635,67",30302,"R$30.302,97",30302,"R$30.302,97"
0075,0075,0075,0075,Carros & Cia EIRELI,Carros & Cia EIRELI,Carros & Cia EIRELI,Carros & Cia EIRELI,Automotivo,Automotivo,Automotivo,Automotivo,01/07/2022,01-07-2022,01/07/2022,01-07-2022,101-500,270,101-500,270,Até R$360.000,"R$187.122,61",Até R$360.000,"R$187.122,61",231056,"R$231.056,43",231056,"R$231.056,43",19254,"R$19.254,70",19254,"R$19.254,70"
0076,0076,0076,0076,Hotelaria Conforto Total ME,Hotelaria Conforto Total ME,Hotelaria Conforto Total ME,Hotelaria Conforto Total ME,Turismo,Turismo,Turismo,Turismo,16/07/2024,16-07-2024,16/07/2024,16-07-2024,101-500,236,101-500,236,R$360.000 - R$4.800.000,"R$435.034,20",R$360.000 - R$4.800.000,"R$435.034,20",300792,"R$300.792,79",300792,"R$300.792,79",25066,"R$25.066,07",25066,"R$25.066,07"
0077,0077,0077,0077,Mercado Bom Gosto ME,Mercado Bom Gosto ME,Mercado Bom Gosto ME,Mercado Bom Gosto ME,Alimentos e Bebidas,Alimentos e Bebidas,Alimentos e Bebidas,Alimentos e Bebidas,13/07/2021,"July 13, 2021",13/07/2021,"July 13, 2021",101-500,127,101-500,127,Até R$360.000,"R$189.150,80",Até R$360.000,"R$189.150,80",172045,"R$172.045,48",172045,"R$172.045,48",14337,"R$14.337,12",14337,"R$14.337,12"
0078,0078,0078,0078,Distribuidora Caminho Certo EIRELI,Distribuidora Caminho Certo EIRELI,Distribuidora Caminho Certo EIRELI,Distribuidora Caminho Certo EIRELI,Logística e Transporte,Logística e Transporte,Logística e Transporte,Logística e Transporte,17/03/2025,"March 17, 2025",17/03/2025,"March 17, 2025",101-500,219,101-500,219,Até R$360.000,"R$316.578,47",Até R$360.000,"R$316.578,47",393237,"R$393.237,30",393237,"R$393.237,30",32769,"R$32.769,78",32769,"R$32.769,78"
0079,0079,0079,0079,Construtora Solidez EIRELI,Construtora Solidez EIRELI,Construtora Solidez EIRELI,Construtora Solidez EIRELI,Construção Civil,Construção Civil,Construção Civil,Construção Civil,26/11/2022,26/11/2022,26/11/2022,26/11/2022,101-500,182,101-500,182,Até R$360.000,"R$334.998,10",Até R$360.000,"R$334.998,10",119852,"R$119.852,92",119852,"R$119.852,92",9987,"R$9.987,74",9987,"R$9.987,74"
0080,0080,0080,0080,DataLink TI EIRELI,DataLink TI EIRELI,DataLink TI EIRELI,DataLink TI EIRELI,Tecnologia,Tecnologia,Tecnologia,Tecnologia,12/11/2023,2023-12-11,12/11/2023,2023-12-11,101-500,337,101-500,337,Até R$360.000,"R$95.430,75",Até R$360.000,"R$95.430,75",325027,"R$325.027,04",325027,"R$325.027,04",27085,"R$27.085,59",27085,"R$27.085,59"
0081,0081,0081,0081,Farmácia Confiança ME,Farmácia Confiança ME,Farmácia Confiança ME,Farmácia Confiança ME,Saúde,Saúde,Saúde,Saúde,22/04/2023,22-04-2023,22/04/2023,22-04-2023,101-500,470,101-500,470,Até R$360.000,"R$301.073,55",Até R$360.000,"R$301.073,55",203845,"R$203.845,36",203845,"R$203.845,36",16987,"R$16.987,11",16987,"R$16.987,11"
0082,0082,0082,0082,LogisService ME,LogisService ME,LogisService ME,LogisService ME,Logística e Transporte,Logística e Transporte,Logística e Transporte,Logística e Transporte,27/03/2021,27-03-2021,27/03/2021,27-03-2021,101-500,385,101-500,385,Até R$360.000,"R$109.280,29",Até R$360.000,"R$109.280,29",13784,"R$13.784,34",13784,"R$13.784,34",1148,"R$1.148,70",1148,"R$1.148,70"
0083,0083,0083,0083,CrediSimples LTDA,CrediSimples LTDA,CrediSimples LTDA,CrediSimples LTDA,Financeiro,Financeiro,Financeiro,Financeiro,21/11/2024,2024-11-21,21/11/2024,2024-11-21,101-500,361,101-500,361,Até R$360.000,"R$287.456,23",Até R$360.000,"R$287.456,23",213126,"R$213.126,62",213126,"R$213.126,62",17760,"R$17.760,55",17760,"R$17.760,55"
0084,0084,0084,0084,Supermercado Econômico SA,Supermercado Econômico SA,Supermercado Econômico SA,Supermercado Econômico SA,Alimentos e Bebidas,Alimentos e Bebidas,Alimentos e Bebidas,Alimentos e Bebidas,18/10/2023,18/10/2023,18/10/2023,18/10/2023,101-500,324,101-500,324,Até R$360.000,"R$48.258,00",Até R$360.000,"R$48.258,00",19628,"R$19.628,83",19628,"R$19.628,83",1635,"R$1.635,74",1635,"R$1.635,74"
0085,0085,0085,0085,Fashion Prime LTDA,Fashion Prime LTDA,Fashion Prime LTDA,Fashion Prime LTDA,Moda e Vestuário,Moda e Vestuário,Moda e Vestuário,Moda e Vestuário,04/03/2023,04-03-2023,04/03/2023,04-03-2023,101-500,343,101-500,343,R$360.000 - R$4.800.000,"R$368.752,65",R$360.000 - R$4.800.000,"R$368.752,65",110307,"R$110.307,25",110307,"R$110.307,25",9192,"R$9.192,27",9192,"R$9.192,27"
0086,0086,0086,0086,Construtora Solidez EIRELI,Construtora Solidez EIRELI,Construtora Solidez EIRELI,Construtora Solidez EIRELI,Construção Civil,Construção Civil,Construção Civil,Construção Civil,22/10/2022,22-10-2022,22/10/2022,22-10-2022,1-5,2,1-5,2,R$360.000 - R$4.800.000,"R$372.806,86",R$360.000 - R$4.800.000,"R$372.806,86",286459,"R$286.459,67",286459,"R$286.459,67",23871,"R$23.871,64",23871,"R$23.871,64"
0087,0087,0087,0087,Cargas & Fretes Seguros SA,Cargas & Fretes Seguros SA,Cargas & Fretes Seguros SA,Cargas & Fretes Seguros SA,Logística e Transporte,Logística e Transporte,Logística e Transporte,Logística e Transporte,16/04/2022,"April 16, 2022",16/04/2022,"April 16, 2022",101-500,266,101-500,266,Até R$360.000,"R$175.306,57",Até R$360.000,"R$175.306,57",112157,"R$112.157,94",112157,"R$112.157,94",9346,"R$9.346,50",9346,"R$9.346,50"
0088,0088,0088,0088,Revenda AutoTop ME,Revenda AutoTop ME,Revenda AutoTop ME,Revenda AutoTop ME,Automotivo,Automotivo,Automotivo,Automotivo,29/02/2024,29-02-2024,29/02/2024,29-02-2024,101-500,493,101-500,493,Até R$360.000,"R$130.352,25",Até R$360.000,"R$130.352,25",497231,"R$497.231,50",497231,"R$497.231,50",41435,"R$41.435,96",41435,"R$41.435,96"
0089,0089,0089,0089,Hospital Saúde Total ME,Hospital Saúde Total ME,Hospital Saúde Total ME,Hospital Saúde Total ME,Saúde,Saúde,Saúde,Saúde,17/07/2021,"July 17, 2021",17/07/2021,"July 17, 2021",101-500,188,101-500,188,Até R$360.000,"R$319.114,29",Até R$360.000,"R$319.114,29",75201,"R$75.201,61",75201,"R$75.201,61",6266,"R$6.266,80",6266,"R$6.266,80"
0090,0090,0090,0090,Distribuidora Caminho Certo SA,Distribuidora Caminho Certo SA,Distribuidora Caminho Certo SA,Distribuidora Caminho Certo SA,Logística e Transporte,Logística e Transporte,Logística e Transporte,Logística e Transporte,06/11/2024,06-11-2024,06/11/2024,06-11-2024,101-500,486,101-500,486,Até R$360.000,"R$47.714,05",Até R$360.000,"R$47.714,05",58224,"R$58.224,79",58224,"R$58.224,79",4852,"R$4.852,07",4852,"R$4.852,07"
0091,0091,0091,0091,Bistrô Sabores da Casa SA,Bistrô Sabores da Casa SA,Bistrô Sabores da Casa SA,Bistrô Sabores da Casa SA,Alimentos e Bebidas,Alimentos e Bebidas,Alimentos e Bebidas,Alimentos e Bebidas,19/03/2022,2022-03-19,19/03/2022,2022-03-19,11-100,64,11-100,64,R$360.000 - R$4.800.000,"R$367.349,04",R$360.000 - R$4.800.000,"R$367.349,04",69836,"R$69.836,78",69836,"R$69.836,78",5819,"R$5.819,73",5819,"R$5.819,73"
0092,0092,0092,0092,Carros & Cia LTDA,Carros & Cia LTDA,Carros & Cia LTDA,Carros & Cia LTDA,Automotivo,Automotivo,Automotivo,Automotivo,03/04/2022,"April 03, 2022",03/04/2022,"April 03, 2022",101-500,362,101-500,362,R$360.000 - R$4.800.000,"R$365.349,78",R$360.000 - R$4.800.000,"R$365.349,78",126845,"R$126.845,62",126845,"R$126.845,62",10570,"R$10.570,47",10570,"R$10.570,47"
0093,0093,0093,0093,Instituto Conhecer LTDA,Instituto Conhecer LTDA,Instituto Conhecer LTDA,Instituto Conhecer LTDA,Educação,Educação,Educação,Educação,11/12/2023,11-12-2023,11/12/2023,11-12-2023,101-500,397,101-500,397,Até R$360.000,"R$280.652,23",Até R$360.000,"R$280.652,23",272539,"R$272.539,57",272539,"R$272.539,57",22711,"R$22.711,63",22711,"R$22.711,63"
0094,0094,0094,0094,AutoMecânica Rápida SA,AutoMecânica Rápida SA,AutoMecânica Rápida SA,AutoMecânica Rápida SA,Automotivo,Automotivo,Automotivo,Automotivo,07/10/2020,07/10/2020,07/10/2020,07/10/2020,101-500,334,101-500,334,Até R$360.000,"R$47.499,19",Até R$360.000,"R$47.499,19",147855,"R$147.855,88",147855,"R$147.855,88",12321,"R$12.321,32",12321,"R$12.321,32"
0095,0095,0095,0095,Edifica Fácil SA,Edifica Fácil SA,Edifica Fácil SA,Edifica Fácil SA,Construção Civil,Construção Civil,Construção Civil,Construção Civil,26/03/2023,26/03/2023,26/03/2023,26/03/2023,11-100,91,11-100,91,Até R$360.000,"R$120.796,83",Até R$360.000,"R$120.796,83",114645,"R$114.645,46",114645,"R$114.645,46",9553,"R$9.553,79",9553,"R$9.553,79"
0096,0096,0096,0096,InvestFácil SA,InvestFácil SA,InvestFácil SA,InvestFácil SA,Financeiro,Financeiro,Financeiro,Financeiro,12/03/2021,"March 12, 2021",12/03/2021,"March 12, 2021",101-500,250,101-500,250,R$360.000 - R$4.800.000,"R$407.689,16",R$360.000 - R$4.800.000,"R$407.689,16",21514,"R$21.514,43",21514,"R$21.514,43",1792,"R$1.792,87",1792,"R$1.792,87"
0097,0097,0097,0097,Capital Inteligente EIRELI,Capital Inteligente EIRELI,Capital Inteligente EIRELI,Capital Inteligente EIRELI,Financeiro,Financeiro,Financeiro,Financeiro,14/02/2024,14/02/2024,14/02/2024,14/02/2024,101-500,445,101-500,445,Até R$360.000,"R$68.886,48",Até R$360.000,"R$68.886,48",4758,"R$4.758,26",4758,"R$4.758,26",396,"R$396,52",396,"R$396,52"
0098,0098,0098,0098,Ateliê Elegância SA,Ateliê Elegância SA,Ateliê Elegância SA,Ateliê Elegância SA,Moda e Vestuário,Moda e Vestuário,Moda e Vestuário,Moda e Vestuário,03/11/2021,"November 03, 2021",03/11/2021,"November 03, 2021",101-500,247,101-500,247,Até R$360.000,"R$214.351,50",Até R$360.000,"R$214.351,50",452974,"R$452.974,13",452974,"R$452.974,13",37747,"R$37.747,84",37747,"R$37.747,84"
0099,0099,0099,0099,Turismo Fácil SA,Turismo Fácil SA,Turismo Fácil SA,Turismo Fácil SA,Turismo,Turismo,Turismo,Turismo,11/08/2024,2024-11-08,11/08/2024,2024-11-08,101-500,428,101-500,428,Até R$360.000,"R$63.727,67",Até R$360.000,"R$63.727,67",142863,"R$142.863,23",142863,"R$142.863,23",11905,"R$11.905,27",11905,"R$11.905,27"
0100,0100,0100,0100,Innovatech EIRELI,Innovatech EIRELI,Innovatech EIRELI,Innovatech EIRELI,Tecnologia,Tecnologia,Tecnologia,Tecnologia,19/06/2023,19/06/2023,19/06/2023,19/06/2023,101-500,191,101-500,191,Até R$360.000,"R$88.788,04",Até R$360.000,"R$88.788,04",444665,"R$444.665,32",444665,"R$444.665,32",37055,"R$37.055,44",37055,"R$37.055,44"
